,visit_duration
0,75.0
1,30.0
2,70.0
3,77.0
4,125.00000000000001
5,31.000000000000004
6,60.0
7,42.0
8,64.00000000000001
9,66.00000000000001
10,72.0
11,59.0
12,98.0
13,56.0
14,86.0
15,88.0
16,50.0
17,43.0
18,51.0
19,41.0
20,55.0
21,74.0
22,22.0
23,75.0
24,45.0
25,63.00000000000001
26,62.00000000000001
27,41.0
28,42.0
29,38.0
30,47.0
31,43.0
32,59.0
33,56.0
34,45.0
35,48.0
36,29.0
37,46.0
38,71.0
39,71.0
40,70.0
41,64.00000000000001
42,68.00000000000001
43,42.0
44,42.0
45,45.0
46,40.0
47,49.0
48,42.0
49,54.0
50,58.0
51,41.0
52,99.0
53,42.0
54,57.0
55,41.0
56,92.0
57,83.0
58,69.0
59,76.0
60,68.00000000000001
61,55.0
62,17.000000000000004
63,35.0
64,23.0
65,43.0
66,40.0
67,21.0
68,25.0
69,52.0
70,23.0
71,28.0
72,48.0
73,72.0
74,71.0
75,44.0
76,28.0
77,30.0
78,52.0
79,45.0
80,41.0
81,31.000000000000004
82,43.0
83,64.00000000000001
84,55.0
85,52.0
86,40.0
87,75.0
88,30.0
89,65.00000000000001
90,16.000000000000004
91,23.0
92,19.0
93,46.0
94,32.00000000000001
95,20.0
96,24.0
97,28.0
98,24.0
99,26.0
100,16.000000000000004
101,86.0
102,112.0
103,27.0
104,17.000000000000004
105,24.0
106,67.00000000000001
107,19.0
108,25.0
109,64.00000000000001
110,55.0
111,86.0
112,26.0
113,17.000000000000004
114,66.00000000000001
115,84.0
116,19.0
117,87.0
118,22.0
119,81.0
120,79.0
121,67.00000000000001
122,47.0
123,71.0
124,84.0
125,61.00000000000001
126,76.0
127,98.0
128,67.00000000000001
129,107.0
130,91.0
131,55.0
132,114.0
133,68.00000000000001
134,59.0
135,73.0
136,42.0
137,31.000000000000004
138,37.0
139,75.0
140,30.0
141,37.0
142,41.0
143,119.0
144,83.0
145,41.0
146,105.0
147,66.00000000000001
148,93.0
149,27.0
150,94.0
151,274.0
152,77.0
153,50.0
154,73.0
155,73.0
156,77.0
157,130.00000000000003
158,103.0
159,83.0
160,86.0
161,112.0
162,87.0
163,88.0
164,78.0
165,77.0
166,82.0
167,42.0
168,94.0
169,55.0
170,100.0
171,29.0
172,151.0
173,26.0
174,50.0
175,146.0
176,45.0
177,108.0
178,66.00000000000001
179,81.0
180,47.0
181,22.0
182,85.0
183,70.0
184,104.0
185,140.0
186,64.00000000000001
187,118.0
188,95.0
189,111.0
190,73.0
191,127.00000000000001
192,93.0
193,115.0
194,79.0
195,62.00000000000001
196,32.00000000000001
197,150.0
198,63.00000000000001
199,42.0
200,61.00000000000001
201,43.0
202,27.0
203,40.0
204,28.0
205,21.0
206,21.0
207,33.00000000000001
208,18.0
209,22.0
210,19.0
211,24.0
212,21.0
213,18.0
214,21.0
215,32.00000000000001
216,18.0
217,20.0
218,24.0
219,31.000000000000004
220,22.0
221,66.00000000000001
228,21.0
229,19.0
230,28.0
231,46.0
232,22.0
233,28.0
234,22.0
235,41.0
236,26.0
237,37.0
238,38.0
239,31.000000000000004
240,57.0
241,62.00000000000001
242,42.0
243,67.00000000000001
244,41.0
245,49.0
246,46.0
247,246.00000000000003
248,59.0
249,156.0
250,72.0
251,75.0
252,25.0
253,45.0
254,86.0
255,42.0
256,29.0
257,40.0
258,68.00000000000001
259,30.0
260,80.0
261,24.0
262,65.00000000000001
263,69.0
264,23.0
265,31.000000000000004
266,26.0
267,45.0
268,31.000000000000004
269,31.000000000000004
270,20.0
271,27.0
272,27.0
273,39.0
274,19.0
275,22.0
276,23.0
277,21.0
278,18.0
279,20.0
280,23.0
281,17.000000000000004
282,18.0
283,24.0
284,19.0
285,26.0
286,41.0
287,19.0
288,17.000000000000004
289,18.0
290,19.0
291,23.0
292,29.0
293,16.000000000000004
294,19.0
295,22.0
296,33.00000000000001
297,16.000000000000004
298,21.0
299,24.0
300,26.0
301,69.0
302,46.0
303,33.00000000000001
304,67.00000000000001
305,41.0
306,66.00000000000001
307,63.00000000000001
308,40.0
309,45.0
310,52.0
311,75.0
312,33.00000000000001
313,45.0
314,107.0
315,78.0
316,67.00000000000001
317,61.00000000000001
318,21.0
319,41.0
320,23.0
321,48.0
322,24.0
323,16.000000000000004
324,24.0
325,30.0
326,18.0
327,36.0
328,25.0
329,33.00000000000001
330,39.0
331,33.00000000000001
332,40.0
333,29.0
334,19.0
335,34.00000000000001
336,29.0
337,48.0
338,52.0
339,30.0
340,33.00000000000001
341,26.0
342,26.0
343,33.00000000000001
344,19.0
345,24.0
346,43.0
347,34.00000000000001
379,24.0
408,25.0
409,27.0
410,41.0
411,19.0
412,26.0
413,19.0
414,22.0
415,41.0
416,23.0
417,32.00000000000001
418,31.000000000000004
419,35.0
420,21.0
421,21.0
422,20.0
423,59.0
424,42.0
425,37.0
426,21.0
427,55.0
428,41.0
429,46.0
430,42.0
431,16.000000000000004
432,45.0
433,22.0
434,28.0
435,43.0
436,55.0
437,45.0
438,29.0
439,35.0
440,29.0
441,32.00000000000001
442,44.0
443,32.00000000000001
444,73.0
445,18.0
446,55.0
447,24.0
448,65.00000000000001
449,49.0
450,69.0
451,22.0
452,17.000000000000004
453,27.0
454,25.0
455,19.0
456,17.000000000000004
457,18.0
458,24.0
459,30.0
460,24.0
461,26.0
462,21.0
463,38.0
464,18.0
465,22.0
466,17.000000000000004
467,25.0
468,16.000000000000004
469,21.0
470,17.000000000000004
471,16.000000000000004
472,17.000000000000004
473,19.0
474,25.0
475,20.0
476,22.0
477,29.0
478,24.0
479,24.0
480,17.000000000000004
483,18.0
484,24.0
485,18.0
486,30.0
487,16.000000000000004
488,20.0
489,24.0
490,23.0
491,33.00000000000001
492,18.0
493,21.0
494,16.000000000000004
495,22.0
496,19.0
497,33.00000000000001
498,25.0
499,28.0
500,22.0
501,46.0
502,20.0
503,28.0
504,20.0
505,23.0
506,24.0
507,24.0
508,19.0
509,27.0
510,20.0
511,21.0
512,45.0
513,19.0
514,19.0
515,21.0
516,18.0
517,29.0
518,18.0
519,21.0
520,36.0
521,23.0
522,19.0
523,30.0
524,43.0
525,19.0
526,29.0
527,24.0
528,17.000000000000004
529,26.0
530,24.0
531,28.0
532,26.0
533,16.000000000000004
534,22.0
535,23.0
536,28.0
537,16.000000000000004
538,17.000000000000004
539,21.0
540,23.0
543,252.00000000000003
544,285.0
545,230.0
547,259.00000000000006
548,250.00000000000003
549,259.00000000000006
550,280.0
552,34.00000000000001
553,291.0
555,233.0
559,245.00000000000003
563,270.00000000000006
568,22.0
571,272.00000000000006
573,296.0
576,285.0
577,289.0
578,20.0
579,292.0
583,296.0
585,31.000000000000004
586,17.000000000000004
588,281.0
592,296.0
596,294.0
597,291.0
599,260.00000000000006
601,296.0
603,253.00000000000003
607,294.0
610,241.0
611,284.0
612,278.0
614,240.0
618,290.0
619,284.0
622,268.00000000000006
624,283.0
625,238.0
630,134.00000000000003
631,285.0
632,136.00000000000003
634,18.0
635,17.000000000000004
636,56.0
637,20.0
638,29.0
639,38.0
640,28.0
641,24.0
642,27.0
643,22.0
644,19.0
645,17.000000000000004
646,59.0
647,24.0
648,32.00000000000001
649,28.0
650,19.0
651,37.0
652,24.0
653,17.000000000000004
654,27.0
660,55.0
661,20.0
662,23.0
663,50.0
664,65.00000000000001
665,18.0
666,35.0
667,17.000000000000004
668,20.0
669,21.0
674,24.0
675,45.0
676,34.00000000000001
677,45.0
678,17.000000000000004
679,51.0
680,38.0
681,26.0
682,34.00000000000001
683,31.000000000000004
684,28.0
685,29.0
686,47.0
687,32.00000000000001
688,22.0
689,23.0
690,20.0
691,38.0
692,22.0
693,23.0
694,55.0
695,19.0
696,64.00000000000001
697,37.0
698,23.0
699,31.000000000000004
700,36.0
701,48.0
702,17.000000000000004
703,34.00000000000001
704,18.0
705,34.00000000000001
706,29.0
707,20.0
708,43.0
709,52.0
710,19.0
711,38.0
712,17.000000000000004
713,22.0
714,22.0
715,43.0
716,22.0
717,19.0
718,33.00000000000001
719,22.0
720,24.0
721,34.00000000000001
722,44.0
723,17.000000000000004
724,29.0
725,26.0
726,20.0
727,22.0
728,50.0
729,62.00000000000001
730,38.0
731,33.00000000000001
732,28.0
733,39.0
736,22.0
737,30.0
738,30.0
739,20.0
740,24.0
741,18.0
742,36.0
743,28.0
744,28.0
745,56.0
746,16.000000000000004
747,18.0
748,27.0
749,41.0
750,22.0
751,21.0
752,18.0
753,58.0
754,18.0
755,25.0
756,45.0
757,22.0
758,28.0
759,30.0
760,19.0
761,42.0
762,53.0
763,52.0
764,59.0
765,71.0
766,67.00000000000001
767,76.0
768,56.0
769,29.0
770,59.0
771,69.0
772,52.0
773,42.0
774,50.0
775,60.0
776,64.00000000000001
777,55.0
778,31.000000000000004
779,33.00000000000001
780,47.0
781,50.0
782,47.0
783,31.000000000000004
784,24.0
785,18.0
787,55.0
788,54.0
789,51.0
790,44.0
791,22.0
792,50.0
793,54.0
794,23.0
795,57.0
796,55.0
797,60.0
798,56.0
799,47.0
800,51.0
801,44.0
802,25.0
803,31.000000000000004
804,49.0
805,64.00000000000001
806,29.0
807,17.000000000000004
808,48.0
809,47.0
810,60.0
811,46.0
812,37.0
813,31.000000000000004
814,57.0
815,49.0
816,34.00000000000001
817,46.0
818,56.0
819,49.0
820,80.0
821,65.00000000000001
822,30.0
823,23.0
824,51.0
825,43.0
826,27.0
827,24.0
828,51.0
829,24.0
830,44.0
831,66.00000000000001
832,39.0
833,21.0
834,27.0
835,21.0
836,39.0
837,41.0
838,28.0
839,26.0
840,14.0
841,28.0
842,18.0
843,37.0
844,17.000000000000004
845,34.00000000000001
846,19.0
847,16.000000000000004
848,26.0
849,28.0
850,45.0
851,31.000000000000004
852,33.00000000000001
853,27.0
854,27.0
855,20.0
856,16.000000000000004
857,22.0
858,17.000000000000004
859,33.00000000000001
860,30.0
861,26.0
862,32.00000000000001
863,18.0
864,39.0
865,58.0
866,49.0
867,66.00000000000001
868,56.0
869,50.0
870,45.0
871,65.00000000000001
872,57.0
873,49.0
874,58.0
875,84.0
876,33.00000000000001
877,81.0
878,64.00000000000001
879,47.0
880,49.0
881,35.0
882,65.00000000000001
883,42.0
884,63.00000000000001
885,43.0
886,61.00000000000001
887,35.0
888,31.000000000000004
889,32.00000000000001
890,24.0
891,21.0
892,23.0
893,24.0
894,33.00000000000001
895,48.0
896,18.0
897,16.000000000000004
903,17.000000000000004
904,17.000000000000004
905,50.0
906,17.000000000000004
907,57.0
908,24.0
909,46.0
910,24.0
911,43.0
912,76.0
913,29.0
914,18.0
915,40.0
916,20.0
917,61.00000000000001
918,24.0
919,38.0
920,25.0
921,43.0
922,18.0
923,20.0
924,51.0
925,23.0
926,17.000000000000004
927,33.00000000000001
928,23.0
929,24.0
930,26.0
931,41.0
932,34.00000000000001
933,26.0
934,23.0
935,51.0
936,43.0
937,33.00000000000001
938,32.00000000000001
939,21.0
940,16.000000000000004
941,26.0
942,80.0
943,16.000000000000004
944,22.0
945,25.0
946,20.0
947,63.00000000000001
948,45.0
949,35.0
950,49.0
951,53.0
952,66.00000000000001
953,70.0
954,76.0
955,71.0
956,41.0
957,87.0
958,52.0
959,133.00000000000003
960,68.00000000000001
961,75.0
962,46.0
969,28.0
970,34.00000000000001
971,29.0
972,26.0
973,22.0
974,37.0
975,29.0
976,25.0
977,36.0
978,29.0
979,30.0
980,26.0
981,27.0
982,28.0
983,41.0
984,22.0
985,26.0
986,24.0
987,22.0
988,26.0
989,23.0
990,16.000000000000004
991,25.0
992,25.0
993,31.000000000000004
994,28.0
995,20.0
996,25.0
997,25.0
998,26.0
999,28.0
1000,24.0
1001,23.0
1002,27.0
1003,33.00000000000001
1004,37.0
1005,27.0
1006,18.0
1007,23.0
1008,30.0
1009,18.0
1010,38.0
1011,23.0
1012,23.0
1013,28.0
1014,31.000000000000004
1015,19.0
1016,28.0
1017,32.00000000000001
1018,23.0
1019,26.0
1020,24.0
1021,41.0
1022,32.00000000000001
1023,29.0
1024,25.0
1025,25.0
1026,31.000000000000004
1027,28.0
1028,20.0
1029,17.000000000000004
1030,29.0
1031,30.0
1032,51.0
1033,21.0
1034,30.0
1040,35.0
1041,16.000000000000004
1042,20.0
1043,19.0
1044,38.0
1045,39.0
1046,49.0
1047,51.0
1048,44.0
1049,29.0
1050,42.0
1051,25.0
1052,47.0
1053,34.00000000000001
1054,22.0
1058,62.00000000000001
1059,60.0
1060,53.0
1061,121.0
1062,31.000000000000004
1063,35.0
1064,28.0
1065,22.0
1066,60.0
1067,42.0
1068,20.0
1069,62.00000000000001
1070,55.0
1071,52.0
1072,119.0
1073,16.000000000000004
1074,24.0
1075,46.0
1076,20.0
1077,19.0
1078,29.0
1079,27.0
1080,21.0
1081,26.0
1082,41.0
1083,28.0
1084,23.0
1085,35.0
1086,23.0
1087,25.0
1088,43.0
1089,26.0
1090,30.0
1091,31.000000000000004
1092,53.0
1093,38.0
1094,35.0
1095,23.0
1096,30.0
1097,28.0
1098,24.0
1099,23.0
1100,23.0
1101,18.0
1102,41.0
1103,16.000000000000004
1104,108.0
1105,30.0
1107,83.0
1108,34.00000000000001
1109,72.0
1110,65.00000000000001
1111,31.000000000000004
1112,54.0
1113,61.00000000000001
1114,42.0
1115,28.0
1116,28.0
1117,42.0
1118,44.0
1119,26.0
1120,22.0
1121,53.0
1122,67.00000000000001
1123,79.0
1124,76.0
1125,37.0
1126,18.0
1127,19.0
1128,40.0
1129,19.0
1130,16.000000000000004
1131,25.0
1132,18.0
1133,28.0
1134,24.0
1135,17.000000000000004
1136,20.0
1137,16.000000000000004
1138,17.000000000000004
1139,19.0
1140,21.0
1141,18.0
1142,39.0
1143,51.0
1144,32.00000000000001
1145,27.0
1146,26.0
1147,39.0
1148,38.0
1149,32.00000000000001
1150,17.000000000000004
1151,31.000000000000004
1152,27.0
1153,51.0
1154,37.0
1155,16.000000000000004
1156,39.0
1157,30.0
1158,17.000000000000004
1159,71.0
1160,27.0
1161,40.0
1162,41.0
1163,44.0
1164,57.0
1165,33.00000000000001
1166,42.0
1167,56.0
1168,33.00000000000001
1169,53.0
1170,57.0
1171,53.0
1172,42.0
1173,40.0
1174,67.00000000000001
1175,50.0
1176,25.0
1177,30.0
1178,48.0
1179,19.0
1180,29.0
1181,39.0
1182,34.00000000000001
1183,24.0
1184,35.0
1185,20.0
1186,47.0
1187,55.0
1188,51.0
1189,46.0
1190,32.00000000000001
1191,56.0
1192,25.0
1193,23.0
1196,23.0
1197,34.00000000000001
1198,30.0
1199,45.0
1200,17.000000000000004
1203,36.0
1207,29.0
1208,21.0
1209,20.0
1210,55.0
1211,21.0
1212,20.0
1213,29.0
1214,19.0
1215,48.0
1216,18.0
1217,38.0
1218,31.000000000000004
1219,33.00000000000001
1220,16.000000000000004
1221,38.0
1222,24.0
1234,20.0
1235,20.0
1236,29.0
1237,36.0
1238,39.0
1239,29.0
1240,91.0
1241,22.0
1242,60.0
1243,75.0
1244,16.000000000000004
1245,71.0
1246,68.00000000000001
1247,23.0
1248,19.0
1249,73.0
1250,34.00000000000001
1251,17.000000000000004
1252,54.0
1253,53.0
1254,43.0
1255,60.0
1256,17.000000000000004
1257,56.0
1258,34.00000000000001
1259,54.0
1260,17.000000000000004
1261,30.0
1262,47.0
1263,36.0
1264,22.0
1265,84.0
1266,46.0
1267,45.0
1268,66.00000000000001
1269,51.0
1270,34.00000000000001
1271,32.00000000000001
1272,20.0
1273,37.0
1274,19.0
1275,28.0
1276,29.0
1277,16.000000000000004
1278,21.0
1279,23.0
1280,18.0
1281,20.0
1282,38.0
1283,29.0
1284,23.0
1285,18.0
1286,54.0
1287,26.0
1288,17.000000000000004
1289,26.0
1290,16.000000000000004
1291,32.00000000000001
1292,23.0
1293,41.0
1294,26.0
1295,21.0
1296,39.0
1297,22.0
1298,40.0
1299,27.0
1300,20.0
1301,29.0
1302,16.000000000000004
1303,30.0
1304,24.0
1305,33.00000000000001
1306,60.0
1307,36.0
1308,34.00000000000001
1309,59.0
1310,21.0
1311,55.0
1312,20.0
1313,24.0
1314,40.0
1315,45.0
1316,53.0
1317,54.0
1318,55.0
1319,21.0
1320,58.0
1321,58.0
1322,36.0
1324,46.0
1325,40.0
1326,62.00000000000001
1327,40.0
1328,26.0
1329,63.00000000000001
1330,33.00000000000001
1331,17.000000000000004
1332,36.0
1333,62.00000000000001
1334,33.00000000000001
1335,24.0
1336,49.0
1337,43.0
1338,63.00000000000001
1339,28.0
1340,32.00000000000001
1341,47.0
1342,33.00000000000001
1343,17.000000000000004
1344,18.0
1345,55.0
1346,24.0
1347,49.0
1348,38.0
1349,55.0
1350,63.00000000000001
1351,31.000000000000004
1352,27.0
1353,29.0
1354,22.0
1355,31.000000000000004
1356,20.0
1357,54.0
1358,21.0
1359,37.0
1360,41.0
1361,29.0
1362,24.0
1363,22.0
1364,25.0
1365,21.0
1366,22.0
1368,23.0
1369,41.0
1370,29.0
1371,42.0
1372,41.0
1373,25.0
1374,55.0
1375,29.0
1376,88.0
1377,84.0
1378,83.0
1379,39.0
1380,24.0
1381,18.0
1382,26.0
1383,35.0
1384,21.0
1385,24.0
1386,31.000000000000004
1387,17.000000000000004
1388,17.000000000000004
1389,27.0
1390,23.0
1391,34.00000000000001
1392,29.0
1393,17.000000000000004
1394,41.0
1395,16.000000000000004
1396,45.0
1397,39.0
1398,29.0
1399,25.0
1400,30.0
1401,24.0
1402,19.0
1403,19.0
1404,22.0
1405,31.000000000000004
1406,24.0
1407,22.0
1408,16.000000000000004
1409,21.0
1410,16.000000000000004
1411,21.0
1412,28.0
1413,23.0
1414,23.0
1416,60.0
1417,69.0
1418,48.0
1419,23.0
1420,60.0
1421,42.0
1422,22.0
1423,39.0
1424,28.0
1425,24.0
1426,30.0
1427,45.0
1428,34.00000000000001
1429,30.0
1430,23.0
1431,28.0
1432,32.00000000000001
1433,46.0
1434,22.0
1435,38.0
1436,74.0
1437,31.000000000000004
1438,22.0
1439,22.0
1440,19.0
1441,16.000000000000004
1442,20.0
1443,17.000000000000004
1444,61.00000000000001
1445,21.0
1446,41.0
1447,22.0
1448,19.0
1449,48.0
1450,24.0
1451,30.0
1452,53.0
1453,61.00000000000001
1454,51.0
1455,27.0
1456,36.0
1457,19.0
1458,17.000000000000004
1459,19.0
1460,48.0
1461,63.00000000000001
1462,23.0
1463,38.0
1464,17.000000000000004
1465,26.0
1466,57.0
1467,29.0
1468,20.0
1469,30.0
1470,19.0
1471,24.0
1472,46.0
1473,19.0
1474,16.000000000000004
1475,56.0
1476,19.0
1477,27.0
1478,18.0
1479,36.0
1480,88.0
1481,23.0
1482,48.0
1483,31.000000000000004
1484,27.0
1485,20.0
1486,34.00000000000001
1487,18.0
1488,16.000000000000004
1489,37.0
1490,55.0
1491,57.0
1492,47.0
1493,30.0
1494,62.00000000000001
1495,31.000000000000004
1496,69.0
1497,59.0
1498,72.0
1499,48.0
1500,42.0
1501,51.0
1502,48.0
1503,30.0
1504,22.0
1505,46.0
1506,61.00000000000001
1507,51.0
1508,66.00000000000001
1509,20.0
1510,48.0
1511,39.0
1512,29.0
1513,34.00000000000001
1514,22.0
1515,19.0
1516,37.0
1517,28.0
1518,36.0
1519,23.0
1520,17.000000000000004
1521,35.0
1522,28.0
1523,31.000000000000004
1524,22.0
1525,19.0
1526,19.0
1527,28.0
1528,25.0
1529,27.0
1530,29.0
1531,21.0
1532,49.0
1533,16.000000000000004
1534,17.000000000000004
1535,45.0
1536,29.0
1537,58.0
1538,31.000000000000004
1539,37.0
1541,39.0
1542,22.0
1543,24.0
1544,40.0
1545,25.0
1546,22.0
1547,32.00000000000001
1548,62.00000000000001
1549,22.0
1550,17.000000000000004
1551,27.0
1552,17.000000000000004
1553,30.0
1554,32.00000000000001
1555,40.0
1556,26.0
1557,28.0
1558,37.0
1559,48.0
1560,23.0
1561,23.0
1562,38.0
1563,23.0
1564,63.00000000000001
1565,17.000000000000004
1566,29.0
1567,30.0
1568,34.00000000000001
1569,32.00000000000001
1570,27.0
1571,32.00000000000001
1572,40.0
1573,22.0
1574,71.0
1575,20.0
1576,18.0
1577,43.0
1578,22.0
1579,49.0
1580,22.0
1581,47.0
1582,23.0
1583,33.00000000000001
1584,42.0
1585,57.0
1586,30.0
1587,36.0
1588,46.0
1589,42.0
1590,34.00000000000001
1591,62.00000000000001
1592,27.0
1593,25.0
1594,19.0
1595,21.0
1596,25.0
1597,44.0
1598,27.0
1599,38.0
1600,18.0
1601,19.0
1602,64.00000000000001
1603,40.0
1604,24.0
1605,16.000000000000004
1606,23.0
1607,25.0
1608,30.0
1609,29.0
1610,110.0
1611,106.0
1612,32.00000000000001
1613,64.00000000000001
1614,44.0
1615,25.0
1616,56.0
1617,121.0
1618,53.0
1619,16.000000000000004
1620,73.0
1621,35.0
1622,102.0
1623,37.0
1624,33.00000000000001
1625,82.0
1626,28.0
1627,58.0
1628,89.0
1629,20.0
1630,86.0
1631,87.0
1632,28.0
1633,141.0
1634,54.0
1635,64.00000000000001
1636,63.00000000000001
1637,86.0
1638,59.0
1639,102.0
1640,47.0
1641,47.0
1642,78.0
1643,38.0
1644,83.0
1645,98.0
1646,36.0
1647,40.0
1648,34.00000000000001
1649,43.0
1650,21.0
1651,38.0
1652,32.00000000000001
1653,25.0
1654,33.00000000000001
1655,33.00000000000001
1656,24.0
1657,50.0
1658,31.000000000000004
1659,25.0
1660,46.0
1661,17.000000000000004
1662,30.0
1663,21.0
1664,17.000000000000004
1665,40.0
1666,73.0
1667,18.0
1668,22.0
1669,40.0
1670,33.00000000000001
1671,22.0
1672,22.0
1673,24.0
1674,31.000000000000004
1675,25.0
1676,43.0
1677,22.0
1678,29.0
1679,33.00000000000001
1680,36.0
1681,21.0
1682,21.0
1683,25.0
1684,27.0
1685,33.00000000000001
1686,25.0
1687,20.0
1688,38.0
1689,18.0
1690,30.0
1691,30.0
1692,44.0
1693,18.0
1694,18.0
1695,17.000000000000004
1696,20.0
1697,33.00000000000001
1698,18.0
1699,24.0
1700,20.0
1701,23.0
1702,26.0
1703,21.0
1704,39.0
1705,40.0
1706,19.0
1707,16.000000000000004
1708,23.0
1709,35.0
1710,29.0
1711,25.0
1712,19.0
1713,76.0
1714,36.0
1715,25.0
1716,26.0
1717,21.0
1718,45.0
1719,34.00000000000001
1720,61.00000000000001
1721,24.0
1722,27.0
1723,26.0
1724,34.00000000000001
1725,30.0
1726,58.0
1727,42.0
1728,26.0
1729,36.0
1730,66.00000000000001
1731,21.0
1732,35.0
1733,28.0
1734,48.0
1735,68.00000000000001
1736,36.0
1737,27.0
1738,36.0
1739,87.0
1740,26.0
1741,26.0
1742,27.0
1743,30.0
1744,27.0
1754,16.000000000000004
1755,21.0
1756,88.0
1757,37.0
1758,41.0
1761,24.0
1762,17.000000000000004
1763,21.0
1764,18.0
1765,42.0
1766,36.0
1767,39.0
1768,23.0
1769,61.00000000000001
1770,74.0
1771,23.0
1772,19.0
1773,69.0
1774,24.0
1775,33.00000000000001
1776,29.0
1777,31.000000000000004
1778,26.0
1779,26.0
1780,33.00000000000001
1781,17.000000000000004
1782,16.000000000000004
1783,62.00000000000001
1784,24.0
1785,16.000000000000004
1786,27.0
1787,48.0
1788,16.000000000000004
1789,19.0
1790,54.0
1791,62.00000000000001
1792,50.0
1793,69.0
1794,82.0
1795,18.0
1796,56.0
1797,55.0
1798,38.0
1799,119.0
1800,69.0
1801,59.0
1802,25.0
1803,38.0
1804,59.0
1805,34.00000000000001
1806,76.0
1807,143.0
1808,35.0
1809,38.0
1810,31.000000000000004
1811,21.0
1812,23.0
1813,90.0
1814,17.000000000000004
1815,24.0
1816,26.0
1817,54.0
1818,49.0
1819,45.0
1820,19.0
1821,56.0
1822,31.000000000000004
1823,81.0
1824,31.000000000000004
1825,36.0
1826,28.0
1827,59.0
1828,26.0
1829,70.0
1830,51.0
1831,19.0
1832,179.0
1833,42.0
1834,63.00000000000001
1835,46.0
1836,36.0
1837,22.0
1838,17.000000000000004
1839,14.0
1840,20.0
1841,41.0
1842,16.000000000000004
1843,26.0
1844,37.0
1845,29.0
1846,20.0
1847,28.0
1848,59.0
1849,41.0
1850,30.0
1851,25.0
1852,41.0
1853,17.000000000000004
1854,21.0
1855,25.0
1856,26.0
1857,50.0
1858,21.0
1859,21.0
1860,16.000000000000004
1861,28.0
1862,42.0
1863,30.0
1864,23.0
1865,69.0
1866,44.0
1867,32.00000000000001
1868,21.0
1869,32.00000000000001
1870,25.0
1871,17.000000000000004
1872,48.0
1873,29.0
1874,44.0
1875,29.0
1876,52.0
1877,32.00000000000001
1878,40.0
1879,24.0
1880,27.0
1881,42.0
1882,34.00000000000001
1883,22.0
1884,34.00000000000001
1885,25.0
1886,41.0
1887,62.00000000000001
1888,39.0
1889,42.0
1890,24.0
1891,23.0
1892,42.0
1893,29.0
1894,21.0
1895,22.0
1896,38.0
1897,25.0
1898,20.0
1899,38.0
1900,31.000000000000004
1901,32.00000000000001
1902,31.000000000000004
1903,19.0
1904,50.0
1905,22.0
1906,52.0
1907,18.0
1908,18.0
1909,18.0
1910,17.000000000000004
1911,103.0
1912,24.0
1913,81.0
1914,56.0
1915,19.0
1916,40.0
1917,41.0
1918,21.0
1919,37.0
1920,68.00000000000001
1921,22.0
1922,23.0
1923,80.0
1924,95.0
1925,70.0
1926,28.0
1927,17.000000000000004
1928,41.0
1929,26.0
1930,65.00000000000001
1931,21.0
1932,17.000000000000004
1933,27.0
1934,35.0
1938,34.00000000000001
1939,39.0
1940,31.000000000000004
1941,49.0
1942,22.0
1943,22.0
1944,37.0
1945,23.0
1946,47.0
1947,60.0
1948,60.0
1949,21.0
1950,32.00000000000001
1951,31.000000000000004
1952,51.0
1953,29.0
1954,47.0
1955,45.0
1956,21.0
1957,69.0
1958,64.00000000000001
1959,16.000000000000004
1960,32.00000000000001
1961,46.0
1962,42.0
1963,47.0
1964,35.0
1965,63.00000000000001
1966,44.0
1967,27.0
1968,43.0
1969,24.0
1970,47.0
1971,60.0
1972,167.0
1973,38.0
1974,24.0
1975,36.0
1976,33.00000000000001
1977,42.0
1978,42.0
1979,28.0
1980,24.0
1981,42.0
1982,95.0
1983,55.0
1984,32.00000000000001
1985,18.0
1986,32.00000000000001
1987,36.0
1988,22.0
1989,46.0
1990,21.0
1991,34.00000000000001
1992,48.0
1993,35.0
1994,39.0
1995,41.0
1996,18.0
1997,33.00000000000001
1998,65.00000000000001
1999,71.0
2000,52.0
2001,23.0
2002,26.0
2003,19.0
2004,21.0
2005,20.0
2006,30.0
2007,49.0
2008,35.0
2009,21.0
2010,34.00000000000001
2011,26.0
2012,41.0
2013,21.0
2014,21.0
2015,26.0
2016,24.0
2017,31.000000000000004
2018,31.000000000000004
2019,26.0
2020,21.0
2021,28.0
2022,18.0
2023,25.0
2024,42.0
2025,24.0
2026,17.000000000000004
2027,20.0
2028,44.0
2029,20.0
2030,36.0
2031,22.0
2032,23.0
2033,22.0
2034,24.0
2035,27.0
2036,23.0
2037,24.0
2038,31.000000000000004
2039,32.00000000000001
2040,44.0
2041,19.0
2042,22.0
2043,27.0
2044,39.0
2045,25.0
2046,22.0
2047,25.0
2048,20.0
2049,18.0
2050,17.000000000000004
2051,28.0
2052,18.0
2053,16.000000000000004
2054,19.0
2056,78.0
2059,25.0
2060,40.0
2061,32.00000000000001
2062,31.000000000000004
2063,18.0
2064,46.0
2065,27.0
2066,34.00000000000001
2067,42.0
2068,36.0
2069,41.0
2070,17.000000000000004
2071,31.000000000000004
2072,38.0
2073,43.0
2074,54.0
2075,20.0
2076,22.0
2077,69.0
2078,57.0
2079,37.0
2080,38.0
2081,46.0
2082,32.00000000000001
2086,112.0
2087,33.00000000000001
2088,50.0
2089,30.0
2090,20.0
2091,40.0
2092,25.0
2093,31.000000000000004
2094,18.0
2095,47.0
2096,27.0
2097,19.0
2098,26.0
2099,23.0
2100,28.0
2101,18.0
2102,31.000000000000004
2103,18.0
2110,24.0
2111,28.0
2112,23.0
2113,45.0
2114,20.0
2115,21.0
2116,22.0
2117,17.000000000000004
2118,20.0
2119,22.0
2120,54.0
2121,18.0
2122,22.0
2123,23.0
2124,44.0
2125,37.0
2126,29.0
2127,23.0
2128,52.0
2129,51.0
2130,21.0
2131,19.0
2132,44.0
2133,27.0
2134,31.000000000000004
2137,26.0
2138,26.0
2139,21.0
2140,31.000000000000004
2141,46.0
2142,31.000000000000004
2143,23.0
2144,31.000000000000004
2145,20.0
2146,47.0
2147,36.0
2148,16.000000000000004
2149,25.0
2150,21.0
2151,21.0
2152,24.0
2153,24.0
2154,53.0
2155,36.0
2156,21.0
2157,23.0
2164,21.0
2165,58.0
2166,35.0
2167,28.0
2168,42.0
2169,51.0
2170,28.0
2171,18.0
2172,40.0
2173,17.000000000000004
2174,26.0
2175,33.00000000000001
2176,33.00000000000001
2177,26.0
2178,29.0
2179,23.0
2180,22.0
2181,47.0
2182,26.0
2183,34.00000000000001
2184,27.0
2185,17.000000000000004
2186,26.0
2187,26.0
2188,24.0
2189,28.0
2190,35.0
2191,40.0
2192,24.0
2193,27.0
2194,26.0
2195,27.0
2196,19.0
2197,24.0
2198,23.0
2199,24.0
2200,22.0
2201,30.0
2202,28.0
2213,16.000000000000004
2214,28.0
2215,47.0
2216,21.0
2217,20.0
2218,65.00000000000001
2219,24.0
2220,26.0
2221,16.000000000000004
2222,33.00000000000001
2223,34.00000000000001
2224,25.0
2225,32.00000000000001
2226,25.0
2227,35.0
2228,25.0
2229,21.0
2230,17.000000000000004
2231,40.0
2232,21.0
2233,30.0
2234,25.0
2235,20.0
2236,24.0
2237,35.0
2238,21.0
2239,24.0
2240,16.000000000000004
2241,20.0
2242,28.0
2243,29.0
2244,22.0
2245,16.000000000000004
2246,42.0
2247,37.0
2248,21.0
2249,31.000000000000004
2250,19.0
2251,27.0
2252,34.00000000000001
2253,31.000000000000004
2254,27.0
2255,50.0
2256,35.0
2257,28.0
2258,28.0
2259,22.0
2260,26.0
2261,37.0
2262,24.0
2263,51.0
2264,27.0
2265,24.0
2266,42.0
2267,25.0
2268,64.00000000000001
2269,27.0
2270,55.0
2278,29.0
2282,41.0
2283,27.0
2284,28.0
2285,28.0
2286,58.0
2287,64.00000000000001
2288,29.0
2289,52.0
2290,55.0
2291,61.00000000000001
2292,52.0
2293,49.0
2294,16.000000000000004
2295,86.0
2296,57.0
2297,24.0
2298,18.0
2299,62.00000000000001
2300,47.0
2301,41.0
2302,26.0
2304,36.0
2305,24.0
2306,35.0
2307,42.0
2308,38.0
2309,51.0
2310,37.0
2311,45.0
2312,30.0
2313,29.0
2314,40.0
2315,39.0
2316,49.0
2317,69.0
2318,63.00000000000001
2319,32.00000000000001
2320,55.0
2321,23.0
2322,27.0
2323,20.0
2324,22.0
2325,24.0
2326,31.000000000000004
2327,28.0
2328,28.0
2329,23.0
2330,17.000000000000004
2331,63.00000000000001
2332,33.00000000000001
2333,43.0
2334,23.0
2335,55.0
2336,24.0
2337,44.0
2338,27.0
2339,32.00000000000001
2340,46.0
2341,37.0
2342,46.0
2348,50.0
2349,30.0
2350,22.0
2351,27.0
2352,34.00000000000001
2353,22.0
2354,49.0
2355,31.000000000000004
2356,42.0
2357,77.0
2358,112.0
2359,20.0
2360,51.0
2361,34.00000000000001
2362,73.0
2363,21.0
2364,45.0
2365,25.0
2366,23.0
2367,25.0
2368,20.0
2369,18.0
2370,25.0
2371,23.0
2372,30.0
2373,20.0
2374,40.0
2375,22.0
2376,42.0
2377,22.0
2378,22.0
2379,23.0
2380,20.0
2381,26.0
2382,34.00000000000001
2383,24.0
2384,34.00000000000001
2385,29.0
2386,18.0
2387,20.0
2388,25.0
2389,18.0
2390,26.0
2391,17.000000000000004
2392,24.0
2393,26.0
2394,24.0
2395,30.0
2396,26.0
2397,23.0
2398,26.0
2399,23.0
2400,20.0
2401,39.0
2402,40.0
2406,22.0
2407,23.0
2408,20.0
2409,23.0
2410,26.0
2411,18.0
2412,28.0
2413,22.0
2414,42.0
2415,21.0
2416,25.0
2417,33.00000000000001
2418,18.0
2419,16.000000000000004
2420,21.0
2421,38.0
2422,29.0
2423,55.0
2424,36.0
2425,35.0
2426,46.0
2427,103.0
2428,45.0
2429,28.0
2430,25.0
2431,23.0
2432,19.0
2433,17.000000000000004
2434,22.0
2435,27.0
2436,24.0
2437,26.0
2438,71.0
2439,31.000000000000004
2440,26.0
2441,35.0
2442,23.0
2443,37.0
2444,33.00000000000001
2445,33.00000000000001
2446,28.0
2447,42.0
2448,20.0
2449,39.0
2450,37.0
2451,31.000000000000004
2452,49.0
2453,24.0
2454,30.0
2455,31.000000000000004
2456,34.00000000000001
2457,28.0
2458,48.0
2459,42.0
2460,56.0
2461,32.00000000000001
2462,41.0
2463,24.0
2464,28.0
2465,52.0
2466,33.00000000000001
2467,20.0
2468,33.00000000000001
2469,45.0
2470,36.0
2471,37.0
2472,22.0
2473,25.0
2474,72.0
2475,29.0
2476,30.0
2477,50.0
2478,35.0
2479,25.0
2480,27.0
2481,35.0
2482,47.0
2483,21.0
2484,33.00000000000001
2485,22.0
2486,25.0
2487,28.0
2488,19.0
2489,19.0
2490,19.0
2491,37.0
2492,17.000000000000004
2493,17.000000000000004
2494,20.0
2495,30.0
2496,22.0
2497,22.0
2498,20.0
2499,18.0
2500,18.0
2501,17.000000000000004
2502,116.0
2503,21.0
2504,23.0
2505,24.0
2506,22.0
2507,17.000000000000004
2508,17.000000000000004
2509,19.0
2510,46.0
2511,21.0
2512,24.0
2513,26.0
2514,25.0
2515,16.000000000000004
2516,18.0
2517,23.0
2518,23.0
2519,20.0
2520,31.000000000000004
2521,18.0
2522,26.0
2523,22.0
2524,34.00000000000001
2525,22.0
2526,27.0
2527,35.0
2528,51.0
2529,26.0
2530,26.0
2531,38.0
2532,28.0
2533,56.0
2534,32.00000000000001
2535,18.0
2536,33.00000000000001
2537,19.0
2538,26.0
2539,19.0
2542,32.00000000000001
2545,144.0
2546,31.000000000000004
2547,93.0
2551,29.0
2552,23.0
2553,24.0
2554,39.0
2555,22.0
2556,25.0
2557,22.0
2558,42.0
2559,31.000000000000004
2568,22.0
2569,30.0
2570,18.0
2571,31.000000000000004
2572,30.0
2573,22.0
2574,43.0
2575,40.0
2576,48.0
2577,31.000000000000004
2578,55.0
2579,27.0
2580,47.0
2581,19.0
2582,48.0
2583,19.0
2584,43.0
2585,61.00000000000001
2586,67.00000000000001
2587,64.00000000000001
2588,20.0
2589,37.0
2590,22.0
2591,41.0
2592,38.0
2593,48.0
2594,57.0
2595,37.0
2596,58.0
2597,39.0
2598,20.0
2599,17.000000000000004
2600,55.0
2601,23.0
2602,44.0
2603,26.0
2604,91.0
2605,32.00000000000001
2606,45.0
2607,52.0
2608,43.0
2609,21.0
2610,28.0
2611,38.0
2612,56.0
2613,26.0
2614,62.00000000000001
2615,42.0
2616,34.00000000000001
2617,31.000000000000004
2618,21.0
2619,23.0
2620,39.0
2621,41.0
2622,37.0
2623,32.00000000000001
2624,41.0
2625,30.0
2626,32.00000000000001
2627,58.0
2628,25.0
2629,19.0
2630,21.0
2631,38.0
2632,20.0
2633,22.0
2634,21.0
2635,17.000000000000004
2636,17.000000000000004
2637,23.0
2638,58.0
2639,52.0
2640,23.0
2641,17.000000000000004
2642,47.0
2643,20.0
2644,21.0
2645,41.0
2651,97.0
2657,19.0
2658,43.0
2659,86.0
2660,30.0
2661,22.0
2662,23.0
2665,57.0
2666,27.0
2668,35.0
2669,38.0
2670,28.0
2671,31.000000000000004
2672,31.000000000000004
2673,40.0
2674,28.0
2675,38.0
2676,37.0
2677,26.0
2678,25.0
2679,18.0
2680,37.0
2681,29.0
2682,28.0
2683,67.00000000000001
2684,54.0
2685,78.0
2686,65.00000000000001
2687,62.00000000000001
2688,34.00000000000001
2689,55.0
2690,55.0
2691,72.0
2692,84.0
2693,102.0
2694,45.0
2695,56.0
2696,34.00000000000001
2697,75.0
2698,49.0
2699,21.0
2702,41.0
2703,62.00000000000001
2704,20.0
2705,21.0
2706,42.0
2707,23.0
2708,23.0
2709,42.0
2710,20.0
2711,22.0
2712,17.000000000000004
2713,28.0
2714,29.0
2715,21.0
2716,16.000000000000004
2717,21.0
2718,26.0
2719,55.0
2720,25.0
2721,22.0
2722,30.0
2723,27.0
2729,71.0
2730,39.0
2731,22.0
2732,88.0
2733,29.0
2734,18.0
2735,23.0
2736,59.0
2737,72.0
2738,43.0
2739,30.0
2740,16.000000000000004
2741,28.0
2742,76.0
2743,70.0
2744,23.0
2745,51.0
2746,22.0
2747,28.0
2748,74.0
2749,20.0
2750,17.000000000000004
2751,21.0
2752,54.0
2754,22.0
2755,38.0
2762,28.0
2763,41.0
2764,22.0
2765,28.0
2766,43.0
2767,30.0
2768,25.0
2769,51.0
2770,30.0
2771,21.0
2772,44.0
2773,12.0
2774,36.0
2775,36.0
2776,23.0
2777,59.0
2778,23.0
2779,33.00000000000001
2780,41.0
2781,47.0
2782,74.0
2783,51.0
2784,24.0
2785,26.0
2786,51.0
2787,25.0
2788,18.0
2789,18.0
2790,42.0
2791,43.0
2792,32.00000000000001
2793,25.0
2794,75.0
2796,45.0
2797,24.0
2798,33.00000000000001
2799,31.000000000000004
2800,23.0
2801,22.0
2802,22.0
2803,23.0
2805,22.0
2806,54.0
2807,17.000000000000004
2808,17.000000000000004
2809,18.0
2810,21.0
2811,50.0
2812,20.0
2813,26.0
2814,43.0
2815,37.0
2816,34.00000000000001
2817,22.0
2818,22.0
2819,153.0
2820,20.0
2821,35.0
2822,17.000000000000004
2823,58.0
2824,21.0
2825,28.0
2826,24.0
2827,45.0
2828,53.0
2829,19.0
2830,33.00000000000001
2831,38.0
2832,20.0
2833,32.00000000000001
2834,36.0
2835,19.0
2836,62.00000000000001
2837,27.0
2838,35.0
2839,31.000000000000004
2840,22.0
2841,60.0
2842,27.0
2843,51.0
2844,49.0
2845,32.00000000000001
2846,26.0
2847,21.0
2848,20.0
2849,28.0
2850,34.00000000000001
2851,39.0
2852,16.000000000000004
2853,26.0
2856,39.0
2857,22.0
2858,19.0
2859,48.0
2860,54.0
2861,27.0
2862,50.0
2863,71.0
2864,47.0
2865,36.0
2866,48.0
2867,21.0
2868,21.0
2869,37.0
2870,56.0
2871,19.0
2872,36.0
2873,55.0
2874,17.000000000000004
2875,67.00000000000001
2876,19.0
2877,18.0
2878,31.000000000000004
2879,17.000000000000004
2880,18.0
2881,17.000000000000004
2882,26.0
2883,31.000000000000004
2884,31.000000000000004
2885,29.0
2886,21.0
2887,39.0
2888,23.0
2889,50.0
2890,31.000000000000004
2891,52.0
2892,34.00000000000001
2893,23.0
2894,35.0
2895,35.0
2896,34.00000000000001
2897,43.0
2898,40.0
2899,36.0
2900,25.0
2901,47.0
2902,42.0
2903,23.0
2904,44.0
2905,50.0
2906,37.0
2907,32.00000000000001
2908,23.0
2909,45.0
2910,38.0
2911,29.0
2912,26.0
2913,21.0
2914,40.0
2915,45.0
2916,26.0
2917,52.0
2918,50.0
2919,43.0
2920,52.0
2921,32.00000000000001
2922,55.0
2923,69.0
2924,17.000000000000004
2925,60.0
2926,32.00000000000001
2927,51.0
2928,24.0
2929,36.0
2930,29.0
2931,32.00000000000001
2932,38.0
2933,18.0
2934,21.0
2935,29.0
2936,25.0
2937,18.0
2938,20.0
2939,56.0
2940,23.0
2941,24.0
2942,26.0
2943,23.0
2944,22.0
2945,20.0
2946,31.000000000000004
2948,23.0
2949,41.0
2950,22.0
2951,38.0
2952,36.0
2953,39.0
2954,27.0
2955,24.0
2956,78.0
2957,51.0
2958,43.0
2959,21.0
2960,35.0
2961,22.0
2962,65.00000000000001
2963,21.0
2964,53.0
2965,26.0
2966,39.0
2967,22.0
2968,41.0
2969,42.0
2970,28.0
2971,39.0
2972,18.0
2974,17.000000000000004
2975,46.0
2978,54.0
2981,26.0
2982,22.0
2983,17.000000000000004
2984,21.0
2993,37.0
2994,32.00000000000001
2995,40.0
2996,27.0
2997,21.0
2998,39.0
2999,39.0
3000,39.0
3001,41.0
3002,43.0
3003,54.0
3004,41.0
3005,32.00000000000001
3006,39.0
3007,30.0
3008,47.0
3009,25.0
3010,23.0
3011,30.0
3012,42.0
3013,36.0
3016,35.0
3019,51.0
3020,55.0
3021,62.00000000000001
3022,41.0
3023,29.0
3024,47.0
3025,49.0
3026,41.0
3027,58.0
3028,45.0
3029,41.0
3030,49.0
3031,63.00000000000001
3032,39.0
3033,30.0
3034,20.0
3035,50.0
3036,32.00000000000001
3037,18.0
3038,40.0
3039,47.0
3040,66.00000000000001
3041,18.0
3042,43.0
3043,41.0
3046,38.0
3047,19.0
3048,54.0
3049,39.0
3050,34.00000000000001
3051,92.0
3052,48.0
3053,39.0
3054,41.0
3055,43.0
3056,44.0
3057,62.00000000000001
3058,40.0
3059,38.0
3060,57.0
3061,44.0
3062,42.0
3063,44.0
3064,39.0
3065,57.0
3066,20.0
3067,28.0
3068,78.0
3069,31.000000000000004
3072,34.00000000000001
3073,45.0
3074,26.0
3075,29.0
3076,27.0
3077,40.0
3078,24.0
3079,111.0
3080,24.0
3081,44.0
3082,71.0
3083,25.0
3084,40.0
3085,29.0
3086,23.0
3087,37.0
3088,40.0
3089,25.0
3090,42.0
3091,32.00000000000001
3092,70.0
3093,23.0
3094,43.0
3095,43.0
3096,47.0
3097,44.0
3098,97.0
3099,56.0
3100,46.0
3101,21.0
3102,18.0
3103,43.0
3104,46.0
3105,21.0
3106,18.0
3107,24.0
3108,30.0
3109,30.0
3110,46.0
3111,26.0
3112,36.0
3113,31.000000000000004
3114,26.0
3115,55.0
3116,42.0
3117,107.0
3118,18.0
3119,29.0
3120,21.0
3121,41.0
3122,25.0
3123,26.0
3124,27.0
3125,21.0
3126,27.0
3127,77.0
3128,46.0
3129,28.0
3130,53.0
3131,24.0
3132,81.0
3133,22.0
3134,43.0
3135,66.00000000000001
3136,26.0
3137,24.0
3138,25.0
3139,71.0
3140,20.0
3141,53.0
3142,37.0
3143,29.0
3144,19.0
3145,16.000000000000004
3146,25.0
3147,49.0
3148,55.0
3149,50.0
3150,28.0
3151,82.0
3152,62.00000000000001
3153,16.000000000000004
3154,25.0
3155,48.0
3156,49.0
3157,13.0
3158,39.0
3159,34.00000000000001
3160,21.0
3161,42.0
3162,30.0
3163,17.000000000000004
3164,62.00000000000001
3165,37.0
3166,23.0
3167,24.0
3168,21.0
3169,19.0
3170,27.0
3171,22.0
3172,24.0
3173,22.0
3174,30.0
3175,31.000000000000004
3176,52.0
3177,40.0
3178,40.0
3179,49.0
3180,40.0
3181,58.0
3182,62.00000000000001
3183,39.0
3184,48.0
3185,23.0
3186,46.0
3187,56.0
3188,21.0
3189,43.0
3190,69.0
3191,20.0
3194,30.0
3200,19.0
3201,17.000000000000004
3202,17.000000000000004
3203,30.0
3204,21.0
3205,16.000000000000004
3212,17.000000000000004
3215,38.0
3216,24.0
3217,39.0
3218,24.0
3219,36.0
3220,41.0
3221,20.0
3222,20.0
3223,37.0
3224,32.00000000000001
3225,18.0
3226,23.0
3227,86.0
3228,23.0
3229,36.0
3230,59.0
3231,36.0
3232,25.0
3233,53.0
3234,19.0
3235,20.0
3236,25.0
3237,45.0
3238,41.0
3239,26.0
3240,20.0
3241,51.0
3242,96.0
3243,74.0
3244,37.0
3245,21.0
3246,33.00000000000001
3247,22.0
3248,52.0
3249,24.0
3250,18.0
3251,27.0
3252,24.0
3253,17.000000000000004
3258,25.0
3259,21.0
3260,50.0
3261,24.0
3262,31.000000000000004
3263,22.0
3264,55.0
3265,76.0
3266,20.0
3267,20.0
3268,56.0
3269,25.0
3270,55.0
3271,79.0
3272,42.0
3273,99.0
3274,25.0
3275,68.00000000000001
3276,32.00000000000001
3277,31.000000000000004
3278,23.0
3279,17.000000000000004
3280,20.0
3281,26.0
3282,17.000000000000004
3283,23.0
3284,16.000000000000004
3285,32.00000000000001
3286,41.0
3287,22.0
3288,17.000000000000004
3289,41.0
3290,32.00000000000001
3291,31.000000000000004
3292,40.0
3293,26.0
3294,26.0
3295,15.0
3296,26.0
3297,22.0
3298,23.0
3299,14.0
3300,40.0
3301,27.0
3302,23.0
3303,24.0
3304,23.0
3305,39.0
3306,31.000000000000004
3307,56.0
3308,18.0
3309,16.000000000000004
3310,36.0
3311,27.0
3313,46.0
3314,49.0
3315,21.0
3316,30.0
3317,65.00000000000001
3318,27.0
3319,23.0
3320,50.0
3321,59.0
3322,60.0
3323,36.0
3324,17.000000000000004
3325,16.000000000000004
3326,23.0
3327,22.0
3328,26.0
3329,35.0
3330,22.0
3331,18.0
3332,19.0
3333,32.00000000000001
3334,27.0
3335,16.000000000000004
3336,23.0
3337,18.0
3338,46.0
3339,22.0
3340,25.0
3341,24.0
3342,24.0
3343,24.0
3344,22.0
3345,33.00000000000001
3346,25.0
3347,21.0
3348,70.0
3349,85.0
3350,50.0
3351,27.0
3352,44.0
3353,28.0
3354,37.0
3355,30.0
3356,38.0
3357,36.0
3358,28.0
3359,20.0
3365,50.0
3366,18.0
3367,31.000000000000004
3368,32.00000000000001
3369,22.0
3370,34.00000000000001
3371,21.0
3372,41.0
3373,19.0
3374,44.0
3375,19.0
3376,17.000000000000004
3377,52.0
3378,47.0
3379,18.0
3380,68.00000000000001
3381,47.0
3382,57.0
3383,51.0
3384,46.0
3385,77.0
3386,23.0
3387,32.00000000000001
3388,52.0
3389,33.00000000000001
3390,44.0
3391,45.0
3392,36.0
3393,52.0
3394,37.0
3395,38.0
3396,78.0
3397,25.0
3398,31.000000000000004
3399,21.0
3401,141.0
3404,71.0
3408,289.0
3409,279.0
3414,263.00000000000006
3415,280.0
3418,35.0
3419,19.0
3420,25.0
3421,32.00000000000001
3422,25.0
3423,25.0
3424,26.0
3425,30.0
3426,66.00000000000001
3427,20.0
3428,23.0
3429,29.0
3430,19.0
3438,43.0
3439,44.0
3440,57.0
3441,46.0
3442,31.000000000000004
3443,17.000000000000004
3444,28.0
3445,19.0
3446,38.0
3447,28.0
3448,30.0
3449,26.0
3450,39.0
3451,22.0
3452,26.0
3453,36.0
3454,34.00000000000001
3455,31.000000000000004
3456,26.0
3457,18.0
3458,36.0
3459,26.0
3460,21.0
3461,35.0
3462,28.0
3463,26.0
3464,22.0
3465,17.000000000000004
3466,22.0
3467,26.0
3468,21.0
3469,22.0
3470,39.0
3471,23.0
3472,56.0
3473,26.0
3474,43.0
3475,24.0
3476,18.0
3478,17.000000000000004
3479,18.0
3480,28.0
3481,18.0
3482,17.000000000000004
3483,27.0
3484,31.000000000000004
3485,19.0
3486,22.0
3496,25.0
3497,26.0
3498,31.000000000000004
3499,19.0
3500,67.00000000000001
3501,35.0
3502,22.0
3504,19.0
3505,30.0
3506,21.0
3507,21.0
3508,21.0
3509,24.0
3510,32.00000000000001
3511,31.000000000000004
3512,39.0
3513,34.00000000000001
3514,35.0
3515,24.0
3516,34.00000000000001
3517,30.0
3518,56.0
3519,22.0
3520,29.0
3521,24.0
3522,35.0
3523,30.0
3524,38.0
3525,29.0
3526,42.0
3527,22.0
3528,16.000000000000004
3529,35.0
3530,30.0
3531,19.0
3532,36.0
3533,31.000000000000004
3538,23.0
3539,21.0
3542,23.0
3543,17.000000000000004
3544,77.0
3545,70.0
3546,44.0
3547,85.0
3548,51.0
3549,78.0
3550,46.0
3551,104.0
3552,47.0
3553,31.000000000000004
3554,58.0
3555,47.0
3558,87.0
3559,72.0
3560,37.0
3561,17.000000000000004
3562,22.0
3563,24.0
3564,33.00000000000001
3565,16.000000000000004
3566,37.0
3567,19.0
3568,18.0
3574,41.0
3575,27.0
3576,19.0
3577,17.000000000000004
3578,39.0
3579,18.0
3580,27.0
3581,35.0
3582,18.0
3583,17.000000000000004
3584,20.0
3585,58.0
3586,40.0
3587,21.0
3588,76.0
3589,47.0
3590,46.0
3591,26.0
3592,26.0
3593,45.0
3594,29.0
3595,40.0
3596,23.0
3597,26.0
3598,24.0
3599,59.0
3600,26.0
3601,37.0
3602,32.00000000000001
3603,58.0
3604,20.0
3605,43.0
3606,16.000000000000004
3607,34.00000000000001
3608,66.00000000000001
3609,50.0
3610,36.0
3611,21.0
3612,40.0
3613,62.00000000000001
3614,35.0
3615,19.0
3616,27.0
3617,56.0
3618,72.0
3619,47.0
3620,60.0
3627,33.00000000000001
3628,26.0
3630,41.0
3631,75.0
3634,192.0
3636,30.0
3637,67.00000000000001
3638,37.0
3639,40.0
3640,20.0
3641,23.0
3642,54.0
3643,20.0
3644,30.0
3645,31.000000000000004
3646,49.0
3647,24.0
3648,64.00000000000001
3649,44.0
3651,58.0
3652,57.0
3653,54.0
3654,22.0
3655,21.0
3656,32.00000000000001
3657,20.0
3658,24.0
3659,67.00000000000001
3660,28.0
3661,26.0
3662,49.0
3663,32.00000000000001
3664,21.0
3665,51.0
3666,37.0
3667,52.0
3668,22.0
3669,62.00000000000001
3670,22.0
3671,36.0
3672,23.0
3673,40.0
3674,23.0
3675,25.0
3676,39.0
3677,25.0
3678,23.0
3679,32.00000000000001
3680,38.0
3681,40.0
3682,47.0
3683,28.0
3684,34.00000000000001
3685,38.0
3686,37.0
3687,18.0
3688,25.0
3689,38.0
3690,23.0
3691,24.0
3692,24.0
3693,38.0
3694,37.0
3695,34.00000000000001
3696,22.0
3697,30.0
3698,28.0
3699,35.0
3700,25.0
3701,68.00000000000001
3702,20.0
3703,16.000000000000004
3704,33.00000000000001
3705,30.0
3706,30.0
3707,21.0
3708,31.000000000000004
3709,35.0
3710,44.0
3711,81.0
3712,23.0
3713,19.0
3714,21.0
3715,46.0
3716,16.000000000000004
3717,36.0
3718,48.0
3719,46.0
3720,40.0
3721,29.0
3722,43.0
3723,30.0
3724,47.0
3725,33.00000000000001
3726,25.0
3727,22.0
3729,31.000000000000004
3731,50.0
3732,34.00000000000001
3733,29.0
3734,30.0
3735,26.0
3736,20.0
3737,20.0
3738,21.0
3739,17.000000000000004
3740,29.0
3741,16.000000000000004
3742,37.0
3743,21.0
3744,69.0
3745,27.0
3746,79.0
3747,27.0
3748,26.0
3749,18.0
3750,22.0
3751,27.0
3752,21.0
3753,18.0
3754,18.0
3755,18.0
3756,38.0
3757,22.0
3758,19.0
3767,57.0
3768,34.00000000000001
3769,30.0
3770,52.0
3771,25.0
3772,65.00000000000001
3773,27.0
3774,24.0
3777,26.0
3778,29.0
3779,31.000000000000004
3780,33.00000000000001
3781,29.0
3782,25.0
3783,18.0
3784,52.0
3785,20.0
3786,51.0
3787,43.0
3788,66.00000000000001
3789,45.0
3790,81.0
3791,42.0
3792,29.0
3793,38.0
3794,25.0
3795,42.0
3796,18.0
3797,16.000000000000004
3798,26.0
3799,16.000000000000004
3800,38.0
3801,23.0
3802,27.0
3803,38.0
3804,47.0
3805,22.0
3806,22.0
3807,29.0
3808,16.000000000000004
3809,32.00000000000001
3810,69.0
3811,25.0
3812,22.0
3813,26.0
3814,23.0
3815,24.0
3816,38.0
3817,27.0
3818,23.0
3819,26.0
3820,24.0
3821,20.0
3822,29.0
3823,54.0
3824,49.0
3825,34.00000000000001
3826,37.0
3827,44.0
3828,23.0
3829,25.0
3830,38.0
3831,40.0
3832,27.0
3833,34.00000000000001
3834,36.0
3835,27.0
3836,21.0
3837,30.0
3838,37.0
3839,20.0
3840,37.0
3841,36.0
3842,18.0
3843,61.00000000000001
3844,35.0
3845,24.0
3846,20.0
3847,22.0
3848,33.00000000000001
3849,55.0
3851,65.00000000000001
3852,21.0
3853,21.0
3854,23.0
3855,33.00000000000001
3856,39.0
3857,61.00000000000001
3858,21.0
3859,32.00000000000001
3860,25.0
3861,49.0
3862,21.0
3863,29.0
3864,19.0
3865,44.0
3866,65.00000000000001
3867,26.0
3868,34.00000000000001
3869,39.0
3870,31.000000000000004
3871,53.0
3872,40.0
3873,19.0
3875,77.0
3876,23.0
3877,47.0
3878,28.0
3879,56.0
3880,35.0
3881,19.0
3882,53.0
3883,34.00000000000001
3884,12.0
3885,50.0
3887,23.0
3888,29.0
3889,22.0
3890,33.00000000000001
3891,69.0
3892,16.000000000000004
3893,29.0
3894,32.00000000000001
3895,33.00000000000001
3896,16.000000000000004
3897,19.0
3898,17.000000000000004
3899,51.0
3900,18.0
3901,26.0
3902,22.0
3903,144.0
3904,32.00000000000001
3905,21.0
3906,34.00000000000001
3915,65.00000000000001
3916,26.0
3917,31.000000000000004
3918,25.0
3919,21.0
3920,30.0
3921,33.00000000000001
3922,19.0
3923,21.0
3924,42.0
3925,41.0
3926,31.000000000000004
3927,22.0
3928,29.0
3929,25.0
3930,25.0
3931,31.000000000000004
3932,63.00000000000001
3933,46.0
3934,39.0
3935,18.0
3936,22.0
3937,29.0
3938,25.0
3939,21.0
3940,38.0
3941,42.0
3942,22.0
3943,22.0
3944,32.00000000000001
3945,24.0
3946,21.0
3947,19.0
3948,17.000000000000004
3949,17.000000000000004
3950,33.00000000000001
3951,105.0
3952,53.0
3953,52.0
3954,42.0
3955,64.00000000000001
3956,41.0
3957,80.0
3958,68.00000000000001
3959,44.0
3960,26.0
3961,42.0
3962,45.0
3963,82.0
3964,65.00000000000001
3965,53.0
3966,48.0
3967,19.0
3968,21.0
3969,53.0
3970,54.0
3975,50.0
3976,28.0
3979,37.0
3980,41.0
3981,40.0
3982,18.0
3983,37.0
3985,33.00000000000001
3986,41.0
3987,49.0
3988,18.0
3989,23.0
3990,28.0
3991,25.0
3992,22.0
3993,17.000000000000004
3994,35.0
3995,19.0
3996,20.0
3997,24.0
3998,26.0
3999,37.0
4000,35.0
4001,21.0
4008,21.0
4009,23.0
4010,17.000000000000004
4011,24.0
4012,63.00000000000001
4013,40.0
4014,21.0
4015,45.0
4016,51.0
4017,21.0
4018,22.0
4019,71.0
4020,22.0
4021,17.000000000000004
4022,23.0
4025,36.0
4026,29.0
4027,22.0
4028,24.0
4029,143.0
4030,107.0
4031,42.0
4032,33.00000000000001
4033,152.0
4035,24.0
4036,51.0
4037,31.000000000000004
4038,25.0
4039,22.0
4040,27.0
4041,27.0
4042,58.0
4043,23.0
4044,36.0
4045,25.0
4046,44.0
4047,19.0
4048,32.00000000000001
4049,39.0
4050,31.000000000000004
4051,21.0
4052,16.000000000000004
4053,31.000000000000004
4054,38.0
4055,17.000000000000004
4056,52.0
4057,25.0
4058,31.000000000000004
4059,31.000000000000004
4060,22.0
4061,22.0
4062,25.0
4063,31.000000000000004
4064,24.0
4065,29.0
4066,18.0
4067,24.0
4068,26.0
4069,44.0
4070,22.0
4071,25.0
4072,31.000000000000004
4073,28.0
4074,42.0
4075,33.00000000000001
4076,41.0
4077,28.0
4078,54.0
4079,19.0
4080,44.0
4081,26.0
4082,72.0
4083,31.000000000000004
4084,16.000000000000004
4085,18.0
4086,17.000000000000004
4087,22.0
4088,17.000000000000004
4089,23.0
4090,24.0
4091,21.0
4092,18.0
4093,36.0
4094,35.0
4095,16.000000000000004
4096,16.000000000000004
4097,12.0
4098,21.0
4099,18.0
4100,12.0
4101,12.0
4102,13.0
4103,16.000000000000004
4104,14.0
4105,14.0
4106,18.0
4107,28.0
4108,15.0
4109,16.000000000000004
4110,13.0
4111,24.0
4112,39.0
4113,33.00000000000001
4114,16.000000000000004
4115,16.000000000000004
4116,26.0
4117,18.0
4118,42.0
4119,26.0
4120,25.0
4121,41.0
4122,33.00000000000001
4123,21.0
4124,17.000000000000004
4125,45.0
4126,64.00000000000001
4127,31.000000000000004
4128,21.0
4129,35.0
4130,31.000000000000004
4131,20.0
4132,33.00000000000001
4133,35.0
4134,48.0
4135,26.0
4136,22.0
4137,31.000000000000004
4138,43.0
4139,20.0
4140,22.0
4141,22.0
4142,43.0
4143,37.0
4144,33.00000000000001
4145,29.0
4146,40.0
4147,24.0
4148,41.0
4149,43.0
4150,32.00000000000001
4151,41.0
4152,27.0
4153,47.0
4154,56.0
4155,40.0
4156,26.0
4157,23.0
4158,35.0
4159,21.0
4160,24.0
4161,25.0
4162,38.0
4163,18.0
4164,40.0
4165,29.0
4166,21.0
4167,19.0
4168,72.0
4169,33.00000000000001
4170,28.0
4171,20.0
4172,30.0
4173,19.0
4174,51.0
4175,47.0
4176,32.00000000000001
4177,35.0
4178,41.0
4179,38.0
4180,46.0
4181,25.0
4182,17.000000000000004
4187,20.0
4188,21.0
4189,30.0
4190,33.00000000000001
4191,33.00000000000001
4192,21.0
4194,73.0
4195,18.0
4196,42.0
4197,110.0
4198,28.0
4199,105.0
4200,119.0
4201,79.0
4202,29.0
4203,71.0
4204,37.0
4205,13.0
4206,17.000000000000004
4207,13.0
4208,30.0
4209,15.0
4210,16.000000000000004
4211,18.0
4212,35.0
4213,24.0
4214,34.00000000000001
4215,52.0
4216,27.0
4217,40.0
4218,17.000000000000004
4219,20.0
4220,18.0
4221,20.0
4222,17.000000000000004
4223,17.000000000000004
4224,17.000000000000004
4225,19.0
4226,16.000000000000004
4227,18.0
4228,17.000000000000004
4229,27.0
4230,19.0
4231,19.0
4232,26.0
4233,17.000000000000004
4234,40.0
4235,37.0
4236,18.0
4237,17.000000000000004
4238,18.0
4239,26.0
4240,18.0
4241,37.0
4242,20.0
4243,22.0
4244,18.0
4245,67.00000000000001
4246,25.0
4247,23.0
4248,16.000000000000004
4249,31.000000000000004
4250,19.0
4251,24.0
4252,17.000000000000004
4253,21.0
4254,27.0
4255,29.0
4256,22.0
4257,21.0
4258,19.0
4259,21.0
4260,39.0
4261,17.000000000000004
4262,31.000000000000004
4263,15.0
4264,28.0
4265,28.0
4266,16.000000000000004
4267,25.0
4268,16.000000000000004
4269,23.0
4270,21.0
4271,132.00000000000003
4272,26.0
4273,23.0
4274,73.0
4275,64.00000000000001
4276,30.0
4277,45.0
4278,25.0
4279,20.0
4280,37.0
4281,88.0
4282,21.0
4283,28.0
4284,27.0
4285,31.000000000000004
4286,31.000000000000004
4287,34.00000000000001
4288,49.0
4289,86.0
4290,35.0
4291,61.00000000000001
4292,85.0
4293,49.0
4294,24.0
4295,77.0
4296,44.0
4297,40.0
4298,55.0
4299,22.0
4300,81.0
4301,45.0
4302,50.0
4303,64.00000000000001
4304,34.00000000000001
4305,32.00000000000001
4306,28.0
4307,35.0
4308,39.0
4309,35.0
4310,23.0
4311,98.0
4312,56.0
4313,32.00000000000001
4314,32.00000000000001
4315,25.0
4316,62.00000000000001
4317,19.0
4320,136.00000000000003
4321,27.0
4322,49.0
4323,23.0
4324,26.0
4325,31.000000000000004
4326,20.0
4327,23.0
4328,25.0
4329,35.0
4330,54.0
4331,57.0
4332,18.0
4333,58.0
4334,26.0
4335,22.0
4336,23.0
4337,23.0
4338,87.0
4339,16.000000000000004
4341,46.0
4342,48.0
4343,55.0
4344,23.0
4345,31.000000000000004
4346,37.0
4347,22.0
4348,21.0
4349,25.0
4350,16.000000000000004
4351,51.0
4352,64.00000000000001
4353,70.0
4354,49.0
4355,47.0
4356,55.0
4357,59.0
4358,48.0
4359,40.0
4360,18.0
4361,19.0
4362,21.0
4363,68.00000000000001
4364,51.0
4365,18.0
4366,42.0
4368,21.0
4369,34.00000000000001
4370,23.0
4372,51.0
4373,29.0
4374,21.0
4376,42.0
4377,29.0
4378,27.0
4379,22.0
4380,28.0
4381,23.0
4382,24.0
4383,34.00000000000001
4384,26.0
4385,23.0
4386,27.0
4387,31.000000000000004
4388,29.0
4389,17.000000000000004
4390,26.0
4391,29.0
4392,45.0
4393,25.0
4394,25.0
4395,64.00000000000001
4396,65.00000000000001
4397,77.0
4398,35.0
4399,28.0
4400,21.0
4401,30.0
4402,31.000000000000004
4403,28.0
4404,64.00000000000001
4405,23.0
4406,42.0
4407,77.0
4410,30.0
4411,39.0
4412,17.000000000000004
4413,41.0
4414,27.0
4415,44.0
4416,36.0
4417,38.0
4418,30.0
4419,36.0
4420,41.0
4421,46.0
4422,50.0
4423,37.0
4424,17.000000000000004
4425,48.0
4426,41.0
4427,55.0
4428,36.0
4429,17.000000000000004
4430,20.0
4431,20.0
4432,33.00000000000001
4433,31.000000000000004
4434,20.0
4435,34.00000000000001
4436,38.0
4437,18.0
4438,25.0
4439,42.0
4440,30.0
4441,26.0
4442,19.0
4443,23.0
4446,43.0
4447,52.0
4448,29.0
4449,38.0
4450,28.0
4451,53.0
4452,86.0
4453,68.00000000000001
4454,51.0
4455,51.0
4456,68.00000000000001
4457,32.00000000000001
4458,30.0
4459,33.00000000000001
4460,24.0
4462,35.0
4463,89.0
4464,21.0
4465,20.0
4466,50.0
4467,21.0
4469,41.0
4470,17.000000000000004
4471,55.0
4472,41.0
4473,24.0
4474,31.000000000000004
4475,43.0
4476,23.0
4477,24.0
4478,16.000000000000004
4479,47.0
4480,19.0
4481,37.0
4482,44.0
4483,18.0
4484,38.0
4485,54.0
4486,22.0
4487,37.0
4491,42.0
4492,43.0
4493,23.0
4494,16.000000000000004
4495,90.0
4496,52.0
4497,80.0
4498,19.0
4499,27.0
4500,26.0
4504,50.0
4505,32.00000000000001
4506,23.0
4507,22.0
4508,27.0
4509,27.0
4510,18.0
4511,28.0
4512,26.0
4513,38.0
4514,50.0
4515,37.0
4516,18.0
4517,19.0
4518,27.0
4519,30.0
4520,20.0
4521,28.0
4522,37.0
4523,19.0
4525,20.0
4526,19.0
4527,38.0
4528,51.0
4529,26.0
4530,26.0
4531,46.0
4532,19.0
4533,35.0
4534,21.0
4535,18.0
4536,22.0
4537,36.0
4538,27.0
4539,28.0
4540,31.000000000000004
4541,28.0
4542,22.0
4543,49.0
4544,38.0
4545,23.0
4546,17.000000000000004
4547,26.0
4548,44.0
4549,46.0
4550,68.00000000000001
4551,36.0
4552,22.0
4553,32.00000000000001
4554,23.0
4555,61.00000000000001
4556,35.0
4557,40.0
4558,34.00000000000001
4559,21.0
4560,26.0
4561,27.0
4562,31.000000000000004
4563,42.0
4564,37.0
4565,16.000000000000004
4566,21.0
4567,18.0
4568,36.0
4569,41.0
4570,27.0
4571,41.0
4572,39.0
4573,21.0
4574,21.0
4575,18.0
4576,19.0
4577,30.0
4578,23.0
4579,45.0
4580,37.0
4581,29.0
4582,41.0
4583,79.0
4584,34.00000000000001
4585,56.0
4586,44.0
4587,24.0
4588,32.00000000000001
4589,56.0
4590,19.0
4591,17.000000000000004
4592,18.0
4593,21.0
4594,77.0
4595,17.000000000000004
4596,21.0
4597,61.00000000000001
4600,28.0
4601,21.0
4602,60.0
4603,27.0
4604,30.0
4605,24.0
4606,33.00000000000001
4607,20.0
4608,29.0
4609,24.0
4610,20.0
4611,16.000000000000004
4612,19.0
4613,17.000000000000004
4614,29.0
4615,21.0
4626,38.0
4627,38.0
4629,50.0
4630,99.0
4631,70.0
4632,37.0
4633,30.0
4634,20.0
4635,27.0
4636,20.0
4637,36.0
4638,26.0
4639,23.0
4640,46.0
4641,24.0
4642,20.0
4643,27.0
4644,17.000000000000004
4645,16.000000000000004
4646,30.0
4647,23.0
4648,22.0
4649,21.0
4650,20.0
4651,29.0
4652,23.0
4653,42.0
4654,33.00000000000001
4655,36.0
4656,51.0
4657,38.0
4658,43.0
4659,40.0
4660,27.0
4661,30.0
4662,27.0
4663,61.00000000000001
4664,24.0
4665,17.000000000000004
4666,16.000000000000004
4667,18.0
4668,40.0
4669,18.0
4670,20.0
4671,48.0
4672,33.00000000000001
4673,35.0
4674,31.000000000000004
4675,29.0
4677,20.0
4678,37.0
4679,49.0
4680,55.0
4681,75.0
4682,16.000000000000004
4683,61.00000000000001
4684,63.00000000000001
4686,38.0
4687,41.0
4688,43.0
4689,24.0
4690,42.0
4691,20.0
4692,20.0
4693,37.0
4694,30.0
4695,43.0
4696,22.0
4697,35.0
4698,18.0
4699,38.0
4700,21.0
4701,35.0
4702,18.0
4703,26.0
4704,31.000000000000004
4705,23.0
4706,31.000000000000004
4707,44.0
4708,28.0
4709,26.0
4710,22.0
4711,24.0
4712,41.0
4713,29.0
4714,22.0
4715,28.0
4716,35.0
4717,29.0
4718,29.0
4719,26.0
4720,42.0
4721,23.0
4722,33.00000000000001
4723,22.0
4724,34.00000000000001
4725,52.0
4726,54.0
4727,29.0
4728,27.0
4730,24.0
4731,17.000000000000004
4732,29.0
4733,46.0
4735,42.0
4736,45.0
4738,29.0
4739,19.0
4740,57.0
4741,24.0
4742,46.0
4743,23.0
4744,26.0
4745,19.0
4746,61.00000000000001
4747,19.0
4748,32.00000000000001
4749,24.0
4750,30.0
4751,21.0
4752,22.0
4753,26.0
4754,34.00000000000001
4755,19.0
4756,19.0
4757,22.0
4758,32.00000000000001
4759,25.0
4760,29.0
4761,24.0
4762,20.0
4763,39.0
4764,18.0
4765,36.0
4766,26.0
4767,51.0
4768,18.0
4769,17.000000000000004
4770,29.0
4771,92.0
4772,73.0
4773,68.00000000000001
4774,31.000000000000004
4775,84.0
4776,32.00000000000001
4777,22.0
4778,23.0
4779,22.0
4780,40.0
4781,17.000000000000004
4782,60.0
4783,36.0
4784,21.0
4785,18.0
4786,54.0
4787,48.0
4788,55.0
4789,41.0
4790,75.0
4791,59.0
4792,62.00000000000001
4793,30.0
4794,56.0
4795,63.00000000000001
4796,31.000000000000004
4797,29.0
4798,24.0
4799,24.0
4800,42.0
4801,96.0
4802,47.0
4803,34.00000000000001
4804,37.0
4805,30.0
4806,61.00000000000001
4807,26.0
4808,30.0
4809,22.0
4810,27.0
4811,28.0
4812,99.0
4813,20.0
4814,38.0
4815,31.000000000000004
4816,30.0
4817,44.0
4818,35.0
4819,21.0
4820,29.0
4821,17.000000000000004
4822,39.0
4823,60.0
4824,17.000000000000004
4825,20.0
4826,32.00000000000001
4827,19.0
4828,16.000000000000004
4829,22.0
4830,28.0
4831,35.0
4832,51.0
4837,18.0
4838,34.00000000000001
4839,68.00000000000001
4840,51.0
4841,27.0
4842,72.0
4843,45.0
4844,37.0
4845,20.0
4846,25.0
4847,19.0
4848,30.0
4849,42.0
4850,24.0
4851,56.0
4852,19.0
4854,33.00000000000001
4855,28.0
4856,41.0
4857,28.0
4858,48.0
4859,45.0
4860,55.0
4861,41.0
4862,38.0
4863,59.0
4869,34.00000000000001
4870,40.0
4872,36.0
4874,33.00000000000001
4875,47.0
4876,19.0
4877,28.0
4878,32.00000000000001
4879,24.0
4880,18.0
4881,17.000000000000004
4882,38.0
4883,50.0
4884,75.0
4885,17.000000000000004
4886,24.0
4887,24.0
4888,39.0
4889,34.00000000000001
4892,26.0
4893,47.0
4894,26.0
4895,23.0
4896,29.0
4897,20.0
4898,75.0
4899,66.00000000000001
4900,69.0
4901,36.0
4902,63.00000000000001
4903,38.0
4904,59.0
4905,18.0
4906,55.0
4907,37.0
4908,57.0
4909,52.0
4910,45.0
4911,36.0
4912,34.00000000000001
4913,46.0
4914,51.0
4915,44.0
4916,48.0
4917,27.0
4918,31.000000000000004
4919,17.000000000000004
4920,22.0
4922,52.0
4923,30.0
4924,30.0
4925,20.0
4926,33.00000000000001
4927,23.0
4928,27.0
4929,41.0
4932,29.0
4933,42.0
4934,18.0
4935,36.0
4936,40.0
4937,20.0
4938,21.0
4939,45.0
4940,19.0
4941,29.0
4942,27.0
4943,34.00000000000001
4944,37.0
4945,51.0
4946,34.00000000000001
4947,34.00000000000001
4948,26.0
4949,21.0
4950,19.0
4951,20.0
4952,41.0
4953,22.0
4957,42.0
4958,19.0
4959,41.0
4960,19.0
4961,23.0
4962,59.0
4963,51.0
4964,25.0
4965,23.0
4966,19.0
4967,17.000000000000004
4968,20.0
4969,23.0
4970,22.0
4971,41.0
4972,31.000000000000004
4973,19.0
4974,28.0
4975,19.0
4976,23.0
4977,28.0
4978,51.0
4979,49.0
4980,22.0
4981,20.0
4982,29.0
4983,22.0
4984,55.0
4985,24.0
4986,30.0
4987,19.0
4988,32.00000000000001
4989,36.0
4990,20.0
4991,64.00000000000001
4992,47.0
4993,28.0
4994,41.0
4995,21.0
4997,28.0
4998,31.000000000000004
4999,41.0
5000,25.0
5001,44.0
5002,25.0
5003,81.0
5004,37.0
5005,23.0
5006,32.00000000000001
5007,39.0
5008,38.0
5009,36.0
5010,66.00000000000001
5012,17.000000000000004
5013,37.0
5014,36.0
5015,23.0
5016,34.00000000000001
5017,28.0
5018,28.0
5019,37.0
5020,36.0
5021,29.0
5022,70.0
5023,64.00000000000001
5024,51.0
5025,52.0
5026,52.0
5027,42.0
5028,41.0
5029,44.0
5030,40.0
5031,31.000000000000004
5032,32.00000000000001
5033,59.0
5034,63.00000000000001
5035,38.0
5036,39.0
5037,43.0
5038,51.0
5039,53.0
5040,47.0
5041,63.00000000000001
5042,17.000000000000004
5043,53.0
5044,43.0
5045,37.0
5046,43.0
5047,65.00000000000001
5048,57.0
5049,72.0
5050,31.000000000000004
5051,74.0
5052,16.000000000000004
5053,19.0
5054,31.000000000000004
5055,24.0
5056,20.0
5057,18.0
5058,20.0
5059,19.0
5060,18.0
5061,17.000000000000004
5062,28.0
5063,16.000000000000004
5064,26.0
5065,21.0
5066,41.0
5067,47.0
5068,37.0
5069,39.0
5070,25.0
5071,38.0
5072,42.0
5073,23.0
5074,22.0
5075,27.0
5076,34.00000000000001
5077,20.0
5078,19.0
5079,26.0
5080,35.0
5081,34.00000000000001
5082,37.0
5084,23.0
5085,25.0
5086,22.0
5087,17.000000000000004
5088,21.0
5089,33.00000000000001
5090,28.0
5091,55.0
5092,23.0
5093,243.0
5095,19.0
5096,37.0
5097,112.0
5098,20.0
5099,22.0
5100,39.0
5101,31.000000000000004
5102,25.0
5104,61.00000000000001
5105,74.0
5106,49.0
5107,35.0
5108,40.0
5109,17.000000000000004
5110,38.0
5111,18.0
5112,56.0
5113,38.0
5114,36.0
5115,45.0
5116,24.0
5117,44.0
5118,21.0
5119,19.0
5120,39.0
5121,19.0
5122,25.0
5123,34.00000000000001
5124,49.0
5125,65.00000000000001
5126,31.000000000000004
5128,24.0
5129,17.000000000000004
5130,26.0
5131,18.0
5132,51.0
5133,56.0
5136,38.0
5137,37.0
5138,37.0
5139,38.0
5140,21.0
5141,92.0
5142,95.0
5143,41.0
5144,101.0
5146,26.0
5147,20.0
5148,60.0
5149,59.0
5150,61.00000000000001
5151,57.0
5152,131.00000000000003
5153,25.0
5154,82.0
5155,55.0
5156,44.0
5157,25.0
5158,54.0
5159,18.0
5160,23.0
5161,48.0
5162,28.0
5163,35.0
5164,32.00000000000001
5165,27.0
5166,23.0
5167,48.0
5168,48.0
5169,19.0
5170,35.0
5171,38.0
5172,18.0
5173,39.0
5174,35.0
5175,25.0
5176,27.0
5177,27.0
5178,29.0
5179,34.00000000000001
5180,27.0
5181,16.000000000000004
5182,32.00000000000001
5183,24.0
5184,20.0
5185,19.0
5186,18.0
5187,22.0
5188,17.000000000000004
5189,26.0
5190,64.00000000000001
5191,28.0
5192,20.0
5193,39.0
5194,34.00000000000001
5195,64.00000000000001
5196,22.0
5197,21.0
5198,33.00000000000001
5199,36.0
5200,31.000000000000004
5201,21.0
5202,16.000000000000004
5203,23.0
5204,19.0
5205,47.0
5206,19.0
5207,41.0
5212,29.0
5213,30.0
5214,54.0
5215,22.0
5216,33.00000000000001
5217,26.0
5218,22.0
5219,29.0
5220,45.0
5221,29.0
5222,35.0
5223,48.0
5224,66.00000000000001
5225,33.00000000000001
5226,16.000000000000004
5227,18.0
5228,26.0
5229,23.0
5230,18.0
5231,17.000000000000004
5232,46.0
5233,70.0
5234,25.0
5235,68.00000000000001
5236,36.0
5237,40.0
5238,24.0
5239,22.0
5240,16.000000000000004
5241,26.0
5242,17.000000000000004
5243,31.000000000000004
5244,45.0
5245,16.000000000000004
5246,27.0
5247,29.0
5248,32.00000000000001
5249,29.0
5250,37.0
5251,23.0
5252,27.0
5253,22.0
5254,33.00000000000001
5255,19.0
5256,32.00000000000001
5257,32.00000000000001
5258,18.0
5260,30.0
5261,41.0
5262,19.0
5263,28.0
5264,21.0
5265,30.0
5266,16.000000000000004
5267,21.0
5268,27.0
5269,30.0
5270,108.0
5271,21.0
5274,49.0
5275,28.0
5276,23.0
5277,38.0
5278,60.0
5279,49.0
5280,27.0
5281,38.0
5282,44.0
5283,34.00000000000001
5284,47.0
5285,26.0
5286,20.0
5287,36.0
5288,16.000000000000004
5289,82.0
5292,23.0
5293,18.0
5294,84.0
5295,25.0
5296,20.0
5299,27.0
5300,65.00000000000001
5301,41.0
5304,36.0
5305,21.0
5306,58.0
5307,47.0
5308,55.0
5309,43.0
5310,51.0
5311,36.0
5312,68.00000000000001
5316,26.0
5317,27.0
5318,28.0
5319,20.0
5323,39.0
5324,57.0
5325,100.0
5326,35.0
5327,45.0
5328,39.0
5329,20.0
5330,30.0
5331,116.0
5332,18.0
5333,21.0
5334,41.0
5335,94.0
5336,43.0
5337,32.00000000000001
5338,42.0
5339,48.0
5340,40.0
5341,85.0
5342,58.0
5343,22.0
5344,28.0
5345,22.0
5346,31.000000000000004
5347,52.0
5348,46.0
5350,24.0
5351,23.0
5352,20.0
5353,37.0
5354,24.0
5355,29.0
5356,17.000000000000004
5357,40.0
5358,39.0
5359,19.0
5360,24.0
5362,35.0
5363,22.0
5364,50.0
5365,40.0
5366,26.0
5367,38.0
5368,19.0
5369,46.0
5370,28.0
5371,22.0
5372,39.0
5373,33.00000000000001
5374,28.0
5375,27.0
5376,26.0
5377,46.0
5378,50.0
5379,55.0
5380,29.0
5381,47.0
5382,47.0
5383,42.0
5384,29.0
5385,67.00000000000001
5386,55.0
5387,19.0
5388,21.0
5389,31.000000000000004
5390,37.0
5391,64.00000000000001
5392,27.0
5393,33.00000000000001
5394,21.0
5395,22.0
5396,56.0
5397,53.0
5402,79.0
5403,88.0
5405,63.00000000000001
5406,26.0
5407,24.0
5408,23.0
5410,35.0
5411,78.0
5412,25.0
5415,51.0
5416,64.00000000000001
5417,43.0
5418,34.00000000000001
5419,42.0
5422,18.0
5423,16.000000000000004
5424,42.0
5425,30.0
5426,27.0
5429,100.0
5430,99.0
5431,23.0
5432,43.0
5433,25.0
5434,33.00000000000001
5435,24.0
5436,40.0
5437,82.0
5439,44.0
5440,43.0
5441,21.0
5442,23.0
5443,19.0
5444,27.0
5445,23.0
5446,22.0
5447,20.0
5448,63.00000000000001
5449,69.0
5450,31.000000000000004
5451,61.00000000000001
5452,27.0
5453,18.0
5454,22.0
5455,20.0
5456,33.00000000000001
5457,23.0
5458,30.0
5459,32.00000000000001
5460,29.0
5461,29.0
5462,16.000000000000004
5463,27.0
5464,18.0
5465,28.0
5466,19.0
5467,28.0
5468,42.0
5469,27.0
5470,41.0
5471,28.0
5472,29.0
5473,54.0
5484,41.0
5485,24.0
5486,80.0
5487,34.00000000000001
5488,17.000000000000004
5489,31.000000000000004
5490,27.0
5491,20.0
5492,17.000000000000004
5493,23.0
5494,41.0
5495,21.0
5496,44.0
5497,29.0
5498,22.0
5499,33.00000000000001
5500,20.0
5501,29.0
5502,18.0
5503,19.0
5504,16.000000000000004
5505,29.0
5506,81.0
5507,24.0
5508,16.000000000000004
5509,23.0
5510,35.0
5511,19.0
5512,54.0
5513,26.0
5514,41.0
5515,24.0
5516,25.0
5517,22.0
5518,36.0
5519,16.000000000000004
5520,56.0
5521,39.0
5522,54.0
5523,44.0
5524,47.0
5525,38.0
5526,31.000000000000004
5527,48.0
5528,79.0
5529,56.0
5530,43.0
5534,42.0
5535,34.00000000000001
5536,61.00000000000001
5538,22.0
5539,58.0
5540,23.0
5541,19.0
5542,25.0
5543,29.0
5544,32.00000000000001
5545,20.0
5546,27.0
5547,30.0
5548,32.00000000000001
5549,40.0
5550,25.0
5551,28.0
5552,16.000000000000004
5553,18.0
5554,38.0
5555,43.0
5556,19.0
5557,33.00000000000001
5558,17.000000000000004
5559,30.0
5560,20.0
5561,16.000000000000004
5562,41.0
5563,56.0
5564,20.0
5565,20.0
5566,34.00000000000001
5567,30.0
5568,26.0
5569,18.0
5570,21.0
5571,47.0
5572,33.00000000000001
5573,30.0
5574,19.0
5575,17.000000000000004
5576,22.0
5577,24.0
5578,31.000000000000004
5579,27.0
5580,19.0
5581,40.0
5582,49.0
5583,17.000000000000004
5584,28.0
5585,27.0
5586,29.0
5587,24.0
5588,24.0
5589,17.000000000000004
5590,19.0
5591,34.00000000000001
5592,29.0
5593,28.0
5594,21.0
5595,25.0
5596,28.0
5597,25.0
5598,26.0
5599,28.0
5600,33.00000000000001
5601,27.0
5602,34.00000000000001
5603,19.0
5604,21.0
5605,18.0
5606,28.0
5607,44.0
5608,16.000000000000004
5609,21.0
5610,21.0
5611,29.0
5612,20.0
5613,25.0
5614,35.0
5615,79.0
5616,56.0
5617,23.0
5618,37.0
5619,28.0
5620,45.0
5621,34.00000000000001
5622,19.0
5623,27.0
5624,40.0
5625,31.000000000000004
5626,24.0
5627,19.0
5628,39.0
5629,27.0
5630,17.000000000000004
5631,60.0
5632,26.0
5633,18.0
5634,34.00000000000001
5635,38.0
5636,19.0
5637,23.0
5638,24.0
5639,29.0
5640,25.0
5641,37.0
5642,35.0
5643,32.00000000000001
5644,20.0
5645,27.0
5646,23.0
5647,25.0
5648,21.0
5649,21.0
5650,41.0
5651,36.0
5652,41.0
5653,34.00000000000001
5654,47.0
5655,25.0
5656,36.0
5657,19.0
5658,23.0
5659,27.0
5660,23.0
5661,24.0
5662,20.0
5670,35.0
5671,62.00000000000001
5672,22.0
5673,38.0
5674,16.000000000000004
5675,23.0
5676,77.0
5677,31.000000000000004
5678,22.0
5679,49.0
5680,40.0
5681,67.00000000000001
5682,30.0
5683,39.0
5684,39.0
5685,39.0
5686,41.0
5687,97.0
5688,39.0
5689,39.0
5690,80.0
5691,21.0
5692,39.0
5693,39.0
5694,21.0
5695,21.0
5696,58.0
5697,41.0
5698,59.0
5699,20.0
5700,22.0
5701,19.0
5702,21.0
5703,31.000000000000004
5704,19.0
5714,25.0
5715,23.0
5716,32.00000000000001
5717,28.0
5718,27.0
5719,76.0
5720,76.0
5721,16.000000000000004
5722,23.0
5723,45.0
5725,22.0
5726,41.0
5727,58.0
5728,42.0
5729,48.0
5732,16.000000000000004
5733,22.0
5734,25.0
5735,60.0
5736,18.0
5737,22.0
5738,33.00000000000001
5739,18.0
5740,42.0
5741,20.0
5742,41.0
5743,29.0
5744,24.0
5745,21.0
5746,41.0
5747,62.00000000000001
5748,18.0
5749,30.0
5750,37.0
5751,30.0
5752,22.0
5753,17.000000000000004
5754,20.0
5755,32.00000000000001
5756,31.000000000000004
5757,16.000000000000004
5758,17.000000000000004
5759,36.0
5760,45.0
5761,16.000000000000004
5762,27.0
5763,42.0
5764,21.0
5765,39.0
5766,24.0
5767,41.0
5768,46.0
5769,22.0
5770,33.00000000000001
5771,25.0
5772,18.0
5773,17.000000000000004
5774,31.000000000000004
5775,20.0
5776,22.0
5777,208.0
5778,37.0
5779,31.000000000000004
5780,35.0
5781,35.0
5782,29.0
5783,30.0
5784,20.0
5785,22.0
5786,60.0
5787,36.0
5788,23.0
5789,21.0
5790,24.0
5791,20.0
5792,21.0
5793,26.0
5794,24.0
5795,27.0
5796,18.0
5797,30.0
5798,42.0
5799,46.0
5800,27.0
5801,31.000000000000004
5802,23.0
5803,19.0
5804,16.000000000000004
5805,34.00000000000001
5806,28.0
5807,31.000000000000004
5808,20.0
5809,42.0
5810,32.00000000000001
5811,36.0
5812,27.0
5813,35.0
5814,37.0
5815,26.0
5816,28.0
5817,30.0
5818,43.0
5819,38.0
5820,41.0
5821,17.000000000000004
5822,44.0
5823,34.00000000000001
5824,32.00000000000001
5825,53.0
5826,53.0
5827,19.0
5828,39.0
5829,30.0
5830,50.0
5831,47.0
5832,46.0
5833,53.0
5834,32.00000000000001
5835,65.00000000000001
5836,43.0
5837,36.0
5838,27.0
5839,18.0
5840,25.0
5841,23.0
5842,60.0
5843,38.0
5852,46.0
5853,22.0
5856,32.00000000000001
5857,30.0
5858,18.0
5859,17.000000000000004
5861,38.0
5862,32.00000000000001
5863,23.0
5864,26.0
5865,17.000000000000004
5866,45.0
5867,35.0
5868,34.00000000000001
5869,37.0
5870,38.0
5871,31.000000000000004
5872,25.0
5873,21.0
5874,20.0
5875,19.0
5876,44.0
5877,48.0
5894,20.0
5895,23.0
5897,78.0
5898,77.0
5899,53.0
5900,21.0
5901,31.000000000000004
5903,19.0
5904,24.0
5905,32.00000000000001
5906,47.0
5907,42.0
5908,23.0
5909,29.0
5910,65.00000000000001
5911,28.0
5912,35.0
5913,45.0
5914,39.0
5915,34.00000000000001
5916,47.0
5917,28.0
5918,30.0
5919,57.0
5920,16.000000000000004
5921,60.0
5922,46.0
5923,21.0
5924,21.0
5925,67.00000000000001
5926,23.0
5927,75.0
5928,39.0
5929,22.0
5930,30.0
5931,18.0
5932,17.000000000000004
5933,52.0
5934,58.0
5935,27.0
5936,48.0
5937,51.0
5938,44.0
5939,63.00000000000001
5940,46.0
5941,71.0
5942,41.0
5943,63.00000000000001
5944,17.000000000000004
5945,27.0
5946,18.0
5947,28.0
5948,35.0
5949,40.0
5950,52.0
5951,35.0
5952,26.0
5953,21.0
5954,85.0
5955,48.0
5956,24.0
5957,28.0
5958,31.000000000000004
5959,40.0
5960,22.0
5961,93.0
5962,20.0
5963,22.0
5964,20.0
5965,55.0
5966,22.0
5967,28.0
5968,51.0
5969,31.000000000000004
5970,51.0
5971,28.0
5972,55.0
5973,39.0
5974,17.000000000000004
5975,30.0
5976,25.0
5977,28.0
5978,51.0
5979,37.0
5980,22.0
5981,33.00000000000001
5982,72.0
5983,60.0
5984,219.0
5985,29.0
5986,24.0
5987,16.000000000000004
5988,22.0
5990,26.0
5991,24.0
5992,37.0
5994,57.0
5995,83.0
5996,103.0
5998,20.0
5999,29.0
6000,26.0
6001,18.0
6002,23.0
6003,24.0
6004,18.0
6006,20.0
6007,39.0
6008,18.0
6009,61.00000000000001
6010,39.0
6011,22.0
6012,69.0
6013,64.00000000000001
6014,50.0
6015,57.0
6016,95.0
6017,31.000000000000004
6018,19.0
6019,47.0
6020,25.0
6023,33.00000000000001
6028,21.0
6029,17.000000000000004
6030,29.0
6031,29.0
6032,19.0
6033,55.0
6034,41.0
6035,30.0
6036,40.0
6037,43.0
6038,22.0
6039,76.0
6040,44.0
6041,52.0
6042,56.0
6043,31.000000000000004
6044,37.0
6045,33.00000000000001
6046,27.0
6047,18.0
6048,34.00000000000001
6049,27.0
6050,23.0
6051,44.0
6052,47.0
6053,23.0
6054,21.0
6055,36.0
6056,17.000000000000004
6057,26.0
6058,31.000000000000004
6059,35.0
6060,21.0
6061,18.0
6062,28.0
6063,24.0
6064,29.0
6065,61.00000000000001
6066,82.0
6067,41.0
6068,27.0
6069,33.00000000000001
6070,23.0
6071,28.0
6072,34.00000000000001
6073,29.0
6074,23.0
6075,27.0
6076,40.0
6078,46.0
6079,21.0
6080,45.0
6081,43.0
6082,16.000000000000004
6083,25.0
6084,25.0
6085,36.0
6086,30.0
6087,37.0
6088,32.00000000000001
6089,19.0
6090,52.0
6091,45.0
6092,19.0
6093,39.0
6094,31.000000000000004
6095,45.0
6097,40.0
6098,42.0
6099,33.00000000000001
6100,131.00000000000003
6101,26.0
6102,19.0
6103,23.0
6104,22.0
6105,20.0
6106,30.0
6107,16.000000000000004
6108,12.0
6109,15.0
6110,67.00000000000001
6112,16.000000000000004
6113,25.0
6114,25.0
6115,43.0
6116,19.0
6117,19.0
6118,24.0
6119,20.0
6120,87.0
6121,17.000000000000004
6122,40.0
6123,29.0
6124,17.000000000000004
6125,25.0
6126,47.0
6127,79.0
6128,77.0
6129,98.0
6130,83.0
6131,115.0
6132,17.000000000000004
6133,19.0
6134,24.0
6135,22.0
6137,29.0
6138,44.0
6139,19.0
6140,24.0
6141,90.0
6142,17.000000000000004
6143,46.0
6144,17.000000000000004
6145,31.000000000000004
6146,54.0
6147,23.0
6148,21.0
6149,29.0
6150,18.0
6151,20.0
6152,29.0
6153,17.000000000000004
6154,23.0
6155,16.000000000000004
6156,18.0
6157,18.0
6158,39.0
6159,16.000000000000004
6160,27.0
6161,17.000000000000004
6162,19.0
6163,32.00000000000001
6164,20.0
6165,16.000000000000004
6166,64.00000000000001
6167,63.00000000000001
6168,21.0
6169,21.0
6172,23.0
6173,35.0
6174,65.00000000000001
6176,18.0
6177,27.0
6178,21.0
6179,16.000000000000004
6180,55.0
6181,20.0
6182,52.0
6183,26.0
6184,29.0
6185,44.0
6186,18.0
6187,36.0
6188,40.0
6189,26.0
6190,42.0
6191,27.0
6192,35.0
6193,47.0
6194,28.0
6195,21.0
6196,80.0
6197,28.0
6198,40.0
6199,25.0
6200,27.0
6201,22.0
6202,50.0
6203,52.0
6204,36.0
6205,28.0
6206,19.0
6207,43.0
6208,19.0
6209,19.0
6210,45.0
6211,21.0
6212,50.0
6213,23.0
6214,33.00000000000001
6215,38.0
6216,21.0
6217,41.0
6218,39.0
6219,23.0
6220,25.0
6221,26.0
6222,21.0
6223,24.0
6224,38.0
6225,22.0
6226,21.0
6227,25.0
6228,19.0
6229,17.000000000000004
6230,31.000000000000004
6231,34.00000000000001
6232,31.000000000000004
6233,20.0
6234,18.0
6235,21.0
6236,25.0
6238,38.0
6239,34.00000000000001
6240,18.0
6241,42.0
6243,18.0
6244,17.000000000000004
6245,53.0
6246,32.00000000000001
6247,41.0
6248,49.0
6249,26.0
6250,88.0
6251,27.0
6252,27.0
6253,25.0
6254,18.0
6255,17.000000000000004
6256,18.0
6257,29.0
6258,31.000000000000004
6259,18.0
6260,28.0
6261,47.0
6262,20.0
6263,30.0
6264,32.00000000000001
6265,29.0
6266,41.0
6267,20.0
6268,30.0
6269,32.00000000000001
6270,35.0
6271,35.0
6272,43.0
6273,42.0
6274,59.0
6275,25.0
6276,21.0
6277,35.0
6278,72.0
6279,22.0
6280,22.0
6281,61.00000000000001
6282,21.0
6283,41.0
6284,49.0
6287,62.00000000000001
6289,17.000000000000004
6290,78.0
6291,45.0
6292,25.0
6293,53.0
6294,21.0
6295,174.0
6296,66.00000000000001
6297,51.0
6298,18.0
6299,46.0
6300,48.0
6301,31.000000000000004
6302,27.0
6303,24.0
6304,20.0
6305,24.0
6306,20.0
6307,24.0
6308,19.0
6309,21.0
6310,25.0
6311,32.00000000000001
6312,21.0
6313,34.00000000000001
6314,19.0
6315,18.0
6316,37.0
6317,18.0
6318,19.0
6319,16.000000000000004
6320,17.000000000000004
6321,20.0
6322,44.0
6323,22.0
6324,29.0
6325,34.00000000000001
6326,84.0
6327,35.0
6328,59.0
6329,57.0
6330,63.00000000000001
6331,18.0
6332,18.0
6333,23.0
6334,23.0
6335,22.0
6336,28.0
6337,33.00000000000001
6338,21.0
6339,44.0
6340,22.0
6341,69.0
6342,46.0
6344,21.0
6345,31.000000000000004
6346,20.0
6347,23.0
6348,31.000000000000004
6350,19.0
6351,37.0
6352,39.0
6353,27.0
6354,62.00000000000001
6362,25.0
6363,20.0
6364,47.0
6365,19.0
6366,18.0
6367,18.0
6368,19.0
6370,26.0
6371,40.0
6372,26.0
6373,31.000000000000004
6374,25.0
6375,20.0
6376,61.00000000000001
6377,33.00000000000001
6378,33.00000000000001
6379,67.00000000000001
6380,57.0
6381,28.0
6384,28.0
6385,30.0
6386,47.0
6387,36.0
6388,31.000000000000004
6389,21.0
6390,66.00000000000001
6391,64.00000000000001
6396,26.0
6397,22.0
6398,19.0
6399,19.0
6400,24.0
6401,31.000000000000004
6402,21.0
6403,25.0
6404,24.0
6405,30.0
6406,24.0
6407,24.0
6408,22.0
6409,47.0
6410,25.0
6411,53.0
6412,18.0
6413,22.0
6414,48.0
6415,31.000000000000004
6416,20.0
6417,27.0
6418,35.0
6419,35.0
6420,28.0
6421,51.0
6422,27.0
6423,38.0
6424,41.0
6425,22.0
6426,24.0
6427,23.0
6428,20.0
6429,25.0
6430,18.0
6431,18.0
6432,23.0
6433,23.0
6434,17.000000000000004
6435,16.000000000000004
6436,40.0
6437,18.0
6438,26.0
6439,19.0
6440,42.0
6441,25.0
6442,60.0
6443,61.00000000000001
6444,22.0
6445,51.0
6446,24.0
6447,33.00000000000001
6455,19.0
6456,17.000000000000004
6457,28.0
6458,21.0
6459,26.0
6460,27.0
6461,24.0
6462,18.0
6463,24.0
6464,37.0
6465,36.0
6466,19.0
6467,21.0
6468,27.0
6469,24.0
6470,30.0
6471,32.00000000000001
6472,21.0
6473,29.0
6474,23.0
6475,25.0
6476,25.0
6477,29.0
6478,19.0
6479,23.0
6480,24.0
6481,22.0
6482,22.0
6483,27.0
6484,26.0
6486,23.0
6487,65.00000000000001
6488,30.0
6489,48.0
6490,24.0
6491,45.0
6492,43.0
6493,41.0
6494,30.0
6495,30.0
6496,17.000000000000004
6497,51.0
6498,37.0
6499,22.0
6500,51.0
6501,23.0
6502,26.0
6503,26.0
6504,41.0
6505,24.0
6506,44.0
6507,43.0
6508,59.0
6509,42.0
6510,41.0
6511,26.0
6512,24.0
6513,17.000000000000004
6514,29.0
6515,40.0
6516,48.0
6517,21.0
6518,18.0
6519,20.0
6520,20.0
6521,23.0
6522,48.0
6525,61.00000000000001
6526,26.0
6527,82.0
6528,37.0
6529,61.00000000000001
6530,20.0
6531,42.0
6532,43.0
6533,40.0
6534,37.0
6535,43.0
6536,34.00000000000001
6544,35.0
6545,26.0
6546,42.0
6547,41.0
6548,65.00000000000001
6549,31.000000000000004
6550,38.0
6551,38.0
6552,47.0
6553,29.0
6554,19.0
6555,70.0
6556,50.0
6557,34.00000000000001
6558,42.0
6559,46.0
6560,54.0
6561,21.0
6562,46.0
6563,47.0
6564,57.0
6565,33.00000000000001
6566,33.00000000000001
6567,26.0
6568,28.0
6569,16.000000000000004
6570,35.0
6571,57.0
6572,35.0
6573,46.0
6574,17.000000000000004
6575,26.0
6576,35.0
6577,22.0
6578,59.0
6579,16.000000000000004
6580,28.0
6582,25.0
6583,27.0
6584,25.0
6585,17.000000000000004
6586,16.000000000000004
6587,26.0
6588,17.000000000000004
6589,22.0
6590,35.0
6591,19.0
6592,34.00000000000001
6593,24.0
6594,35.0
6595,23.0
6596,23.0
6601,50.0
6602,44.0
6603,16.000000000000004
6604,24.0
6605,41.0
6606,63.00000000000001
6607,29.0
6608,28.0
6609,20.0
6610,18.0
6611,22.0
6612,46.0
6613,17.000000000000004
6617,88.0
6618,17.000000000000004
6619,23.0
6620,38.0
6621,20.0
6622,18.0
6623,22.0
6624,29.0
6625,11.0
6626,37.0
6627,59.0
6628,56.0
6629,16.000000000000004
6630,35.0
6631,45.0
6632,21.0
6633,18.0
6634,20.0
6635,24.0
6636,30.0
6637,21.0
6638,43.0
6639,30.0
6640,43.0
6641,49.0
6642,32.00000000000001
6643,17.000000000000004
6644,19.0
6645,31.000000000000004
6647,28.0
6649,20.0
6650,61.00000000000001
6651,59.0
6652,32.00000000000001
6653,44.0
6654,36.0
6655,37.0
6656,48.0
6658,22.0
6659,29.0
6660,43.0
6661,43.0
6663,40.0
6664,21.0
6665,17.000000000000004
6666,18.0
6668,31.000000000000004
6669,33.00000000000001
6670,48.0
6671,21.0
6672,30.0
6673,46.0
6674,23.0
6675,59.0
6676,57.0
6677,19.0
6678,43.0
6679,24.0
6680,42.0
6681,37.0
6682,18.0
6683,62.00000000000001
6684,18.0
6685,30.0
6686,40.0
6688,23.0
6689,19.0
6690,25.0
6691,28.0
6692,41.0
6693,20.0
6694,24.0
6695,34.00000000000001
6696,50.0
6697,26.0
6698,19.0
6699,23.0
6700,56.0
6701,23.0
6702,28.0
6703,19.0
6704,75.0
6713,21.0
6714,24.0
6715,23.0
6716,26.0
6717,50.0
6718,65.00000000000001
6719,30.0
6720,33.00000000000001
6721,74.0
6722,23.0
6723,25.0
6724,63.00000000000001
6725,24.0
6726,25.0
6727,20.0
6728,25.0
6729,30.0
6730,50.0
6737,17.000000000000004
6738,18.0
6739,31.000000000000004
6740,88.0
6741,26.0
6742,39.0
6743,21.0
6744,39.0
6745,20.0
6746,19.0
6748,24.0
6749,30.0
6750,39.0
6752,89.0
6753,40.0
6754,21.0
6755,38.0
6756,17.000000000000004
6757,38.0
6758,103.0
6759,22.0
6760,41.0
6761,38.0
6762,47.0
6763,39.0
6764,24.0
6765,30.0
6766,117.0
6767,21.0
6768,26.0
6769,22.0
6770,22.0
6771,47.0
6772,60.0
6773,21.0
6776,64.00000000000001
6777,85.0
6778,65.00000000000001
6779,85.0
6780,58.0
6781,41.0
6782,96.0
6783,38.0
6784,81.0
6785,50.0
6786,46.0
6787,33.00000000000001
6798,40.0
6799,27.0
6801,43.0
6802,28.0
6803,22.0
6804,42.0
6805,40.0
6806,18.0
6807,17.000000000000004
6808,24.0
6809,21.0
6810,18.0
6811,34.00000000000001
6812,22.0
6813,35.0
6814,24.0
6815,64.00000000000001
6816,54.0
6817,25.0
6818,35.0
6819,18.0
6820,35.0
6821,23.0
6822,79.0
6823,28.0
6824,21.0
6825,16.000000000000004
6826,52.0
6827,16.000000000000004
6828,35.0
6829,21.0
6830,78.0
6831,42.0
6832,23.0
6833,17.000000000000004
6834,160.0
6835,22.0
6837,19.0
6838,32.00000000000001
6839,21.0
6840,40.0
6841,26.0
6842,23.0
6843,19.0
6844,24.0
6845,20.0
6846,22.0
6847,25.0
6848,20.0
6849,20.0
6850,18.0
6851,87.0
6852,28.0
6853,34.00000000000001
6855,40.0
6856,39.0
6857,39.0
6858,41.0
6859,22.0
6860,22.0
6861,24.0
6862,27.0
6864,44.0
6865,28.0
6866,18.0
6868,62.00000000000001
6869,16.000000000000004
6870,18.0
6871,35.0
6872,23.0
6873,30.0
6874,16.000000000000004
6875,20.0
6876,16.000000000000004
6878,19.0
6879,24.0
6883,75.0
6885,28.0
6886,51.0
6887,30.0
6888,59.0
6889,33.00000000000001
6890,23.0
6891,45.0
6892,32.00000000000001
6893,58.0
6894,24.0
6895,37.0
6896,48.0
6897,19.0
6898,16.000000000000004
6899,35.0
6900,51.0
6901,26.0
6902,28.0
6903,42.0
6904,19.0
6905,21.0
6906,51.0
6907,22.0
6908,21.0
6909,22.0
6910,28.0
6911,18.0
6912,17.000000000000004
6913,20.0
6915,36.0
6916,32.00000000000001
6917,31.000000000000004
6918,28.0
6919,16.000000000000004
6920,28.0
6921,30.0
6922,65.00000000000001
6923,28.0
6924,31.000000000000004
6925,28.0
6926,17.000000000000004
6927,23.0
6928,36.0
6929,24.0
6930,19.0
6931,64.00000000000001
6932,31.000000000000004
6933,78.0
6934,61.00000000000001
6935,24.0
6936,22.0
6937,27.0
6938,22.0
6939,142.0
6940,23.0
6941,37.0
6942,26.0
6943,27.0
6944,27.0
6945,28.0
6946,17.000000000000004
6947,26.0
6957,26.0
6958,18.0
6959,17.000000000000004
6960,26.0
6966,38.0
6967,33.00000000000001
6968,19.0
6969,64.00000000000001
6970,58.0
6971,41.0
6972,17.000000000000004
6973,27.0
6974,37.0
6975,51.0
6976,32.00000000000001
6977,20.0
6979,73.0
6980,21.0
6981,21.0
6982,43.0
6983,57.0
6984,35.0
6985,19.0
6986,26.0
6987,28.0
6988,29.0
6989,23.0
6990,56.0
6991,18.0
6992,31.000000000000004
6993,20.0
6994,28.0
6995,23.0
6996,20.0
6997,19.0
6998,32.00000000000001
6999,37.0
7000,18.0
7001,18.0
7002,22.0
7003,54.0
7004,20.0
7005,30.0
7006,18.0
7007,36.0
7008,29.0
7009,27.0
7010,27.0
7011,68.00000000000001
7013,22.0
7014,65.00000000000001
7015,31.000000000000004
7017,22.0
7018,42.0
7019,30.0
7020,22.0
7021,19.0
7022,20.0
7023,34.00000000000001
7024,17.000000000000004
7025,34.00000000000001
7026,32.00000000000001
7027,19.0
7028,57.0
7029,29.0
7030,17.000000000000004
7031,21.0
7032,47.0
7033,27.0
7034,36.0
7035,18.0
7036,33.00000000000001
7037,32.00000000000001
7038,35.0
7039,31.000000000000004
7040,34.00000000000001
7041,39.0
7042,31.000000000000004
7043,21.0
7044,37.0
7045,24.0
7046,22.0
7047,17.000000000000004
7048,24.0
7049,26.0
7051,74.0
7052,23.0
7053,38.0
7054,46.0
7055,24.0
7056,27.0
7057,25.0
7058,77.0
7059,40.0
7060,17.000000000000004
7062,19.0
7063,23.0
7064,46.0
7065,65.00000000000001
7067,22.0
7068,49.0
7069,24.0
7070,22.0
7071,30.0
7072,21.0
7073,22.0
7074,43.0
7075,48.0
7076,29.0
7077,50.0
7078,23.0
7079,77.0
7080,60.0
7081,19.0
7082,41.0
7083,26.0
7084,19.0
7085,19.0
7096,16.000000000000004
7097,28.0
7098,29.0
7099,25.0
7100,17.000000000000004
7101,45.0
7104,119.0
7105,149.0
7106,102.0
7107,53.0
7108,77.0
7109,46.0
7110,42.0
7111,22.0
7112,24.0
7114,27.0
7115,18.0
7116,77.0
7117,45.0
7123,19.0
7124,20.0
7125,34.00000000000001
7126,36.0
7127,47.0
7128,45.0
7129,17.000000000000004
7130,83.0
7131,33.00000000000001
7132,19.0
7133,44.0
7134,30.0
7135,48.0
7136,30.0
7137,23.0
7138,27.0
7139,21.0
7140,24.0
7141,58.0
7142,58.0
7143,26.0
7144,27.0
7145,46.0
7146,43.0
7147,32.00000000000001
7148,22.0
7149,60.0
7150,39.0
7151,55.0
7152,24.0
7156,25.0
7157,36.0
7158,32.00000000000001
7159,32.00000000000001
7160,35.0
7161,46.0
7164,24.0
7165,47.0
7166,39.0
7167,26.0
7168,27.0
7169,26.0
7171,28.0
7172,26.0
7173,153.0
7174,29.0
7175,16.000000000000004
7176,20.0
7177,30.0
7178,34.00000000000001
7179,26.0
7180,23.0
7186,46.0
7187,32.00000000000001
7188,38.0
7189,41.0
7190,41.0
7191,24.0
7192,39.0
7193,28.0
7202,26.0
7203,44.0
7204,42.0
7205,23.0
7206,24.0
7207,39.0
7208,33.00000000000001
7209,25.0
7210,21.0
7211,23.0
7212,32.00000000000001
7213,19.0
7217,19.0
7218,37.0
7219,23.0
7220,20.0
7221,23.0
7222,25.0
7223,45.0
7224,17.000000000000004
7225,16.000000000000004
7226,28.0
7227,33.00000000000001
7228,17.000000000000004
7229,16.000000000000004
7230,21.0
7231,39.0
7232,20.0
7233,31.000000000000004
7234,22.0
7235,20.0
7236,40.0
7237,42.0
7238,19.0
7242,27.0
7243,28.0
7244,29.0
7245,42.0
7246,28.0
7247,27.0
7248,22.0
7249,40.0
7250,17.000000000000004
7251,20.0
7252,17.000000000000004
7253,31.000000000000004
7254,38.0
7255,20.0
7256,18.0
7257,18.0
7258,22.0
7259,18.0
7260,28.0
7261,20.0
7262,17.000000000000004
7263,18.0
7264,18.0
7265,23.0
7266,24.0
7267,61.00000000000001
7268,21.0
7269,21.0
7276,23.0
7278,28.0
7279,22.0
7280,42.0
7281,21.0
7282,53.0
7283,30.0
7284,41.0
7285,17.000000000000004
7286,19.0
7287,49.0
7289,17.000000000000004
7290,32.00000000000001
7291,27.0
7292,36.0
7293,24.0
7294,18.0
7295,29.0
7296,48.0
7297,30.0
7298,93.0
7299,29.0
7300,30.0
7313,28.0
7314,30.0
7315,29.0
7316,70.0
7317,56.0
7318,18.0
7319,84.0
7320,57.0
7321,22.0
7322,20.0
7323,28.0
7324,25.0
7325,38.0
7326,33.00000000000001
7334,97.0
7335,24.0
7336,53.0
7337,42.0
7338,102.0
7339,39.0
7340,72.0
7341,33.00000000000001
7342,44.0
7355,20.0
7356,18.0
7357,22.0
7358,37.0
7360,41.0
7361,26.0
7362,30.0
7363,49.0
7364,22.0
7365,27.0
7366,45.0
7367,27.0
7368,42.0
7369,30.0
7376,71.0
7377,24.0
7378,51.0
7379,22.0
7382,21.0
7383,31.000000000000004
7384,34.00000000000001
7385,34.00000000000001
7389,32.00000000000001
7390,45.0
7391,66.00000000000001
7392,37.0
7393,68.00000000000001
7394,41.0
7395,29.0
7396,24.0
7397,40.0
7398,66.00000000000001
7399,16.000000000000004
7400,51.0
7402,40.0
7403,22.0
7404,22.0
7405,33.00000000000001
7406,19.0
7407,24.0
7408,17.000000000000004
7409,18.0
7413,20.0
7414,25.0
7415,29.0
7416,32.00000000000001
7417,31.000000000000004
7418,22.0
7423,38.0
7426,42.0
7427,46.0
7428,28.0
7429,32.00000000000001
7430,56.0
7431,45.0
7435,24.0
7436,21.0
7437,18.0
7438,21.0
7439,34.00000000000001
7442,30.0
7443,18.0
7444,19.0
7445,29.0
7446,20.0
7458,25.0
7459,16.000000000000004
7460,24.0
7464,41.0
7465,42.0
7466,40.0
7467,28.0
7476,27.0
7477,37.0
7478,41.0
7479,21.0
7480,30.0
7481,39.0
7482,26.0
7484,22.0
7485,32.00000000000001
7487,30.0
7488,58.0
7489,24.0
7490,26.0
7495,29.0
7496,17.000000000000004
7497,49.0
7498,28.0
7499,37.0
7500,23.0
7501,26.0
7502,28.0
7504,33.00000000000001
7505,17.000000000000004
7506,38.0
7507,20.0
7508,21.0
7509,64.00000000000001
7510,25.0
7511,63.00000000000001
7512,34.00000000000001
7513,21.0
7514,41.0
7515,36.0
7517,16.000000000000004
7526,28.0
7534,39.0
7535,36.0
7536,26.0
7537,16.000000000000004
7538,23.0
7540,20.0
7541,22.0
7542,28.0
7543,44.0
7544,57.0
7545,90.0
7546,35.0
7547,27.0
7548,53.0
7549,51.0
7551,36.0
7552,75.0
7553,52.0
7554,32.00000000000001
7555,22.0
7556,25.0
7558,29.0
7559,25.0
7560,45.0
7561,31.000000000000004
7562,34.00000000000001
7563,27.0
7564,27.0
7565,28.0
7566,20.0
7567,18.0
7568,17.000000000000004
7577,25.0
7578,19.0
7579,61.00000000000001
7581,22.0
7582,25.0
7583,22.0
7608,20.0
7609,18.0
7610,34.00000000000001
7612,19.0
7613,26.0
7614,20.0
7615,19.0
7616,31.000000000000004
7617,41.0
7618,24.0
7619,28.0
7625,47.0
7626,16.000000000000004
7627,40.0
7628,32.00000000000001
7629,73.0
7630,35.0
7632,41.0
7639,62.00000000000001
7644,28.0
7645,18.0
7646,20.0
7647,17.000000000000004
7648,24.0
7649,17.000000000000004
7650,28.0
7651,27.0
7652,28.0
7653,21.0
7654,36.0
7655,18.0
7656,36.0
7660,62.00000000000001
7661,35.0
7662,29.0
7663,17.000000000000004
7667,39.0
7668,24.0
7669,39.0
7673,33.00000000000001
7674,30.0
7675,23.0
7677,68.00000000000001
7678,72.0
7679,22.0
7680,65.00000000000001
7687,42.0
7693,43.0
7694,17.000000000000004
7701,33.00000000000001
7702,22.0
7703,48.0
7704,72.0
7705,77.0
7706,64.00000000000001
7707,57.0
7708,62.00000000000001
7709,53.0
7710,54.0
7711,36.0
7712,31.000000000000004
7713,48.0
7714,100.0
7715,69.0
7716,36.0
7717,33.00000000000001
7718,21.0
7719,16.000000000000004
7720,34.00000000000001
7721,34.00000000000001
7722,29.0
7723,42.0
7724,64.00000000000001
7725,59.0
7726,40.0
7730,37.0
7731,31.000000000000004
7733,25.0
7735,17.000000000000004
7736,26.0
7737,33.00000000000001
7738,41.0
7739,27.0
7740,27.0
7741,59.0
7742,29.0
7743,42.0
7744,42.0
7745,78.0
7746,50.0
7747,24.0
7748,24.0
7749,20.0
7750,19.0
7751,17.000000000000004
7752,22.0
7753,25.0
7754,28.0
7755,42.0
7756,22.0
7757,59.0
7758,37.0
7783,23.0
7784,22.0
7785,17.000000000000004
7786,22.0
7787,64.00000000000001
7799,39.0
7801,19.0
7808,23.0
7809,45.0
7810,45.0
7814,42.0
7815,24.0
7816,23.0
7817,28.0
7818,63.00000000000001
7819,77.0
7821,19.0
7822,68.00000000000001
7823,33.00000000000001
7825,21.0
7826,24.0
7827,46.0
7828,30.0
7829,54.0
7830,36.0
7832,19.0
7836,21.0
7837,33.00000000000001
7838,20.0
7839,31.000000000000004
7840,139.0
7841,78.0
7842,22.0
7843,25.0
7844,25.0
7845,27.0
7846,25.0
7847,22.0
7850,43.0
7851,60.0
7857,27.0
7859,42.0
7860,33.00000000000001
7861,24.0
7862,20.0
7863,37.0
7864,74.0
7865,29.0
7866,36.0
7867,36.0
7868,31.000000000000004
7869,24.0
7870,18.0
7890,18.0
7891,24.0
7895,26.0
7896,47.0
7897,21.0
7898,28.0
7899,21.0
7900,36.0
7901,17.000000000000004
7902,36.0
7903,42.0
7904,41.0
7905,18.0
7906,23.0
7907,37.0
7908,60.0
7911,27.0
7912,30.0
7914,24.0
7915,30.0
7916,42.0
7917,100.0
7918,27.0
7919,22.0
7920,17.000000000000004
7921,50.0
7922,21.0
7923,18.0
7926,26.0
7927,38.0
7928,22.0
7929,20.0
7930,46.0
7931,38.0
7932,31.000000000000004
7934,16.000000000000004
7946,16.000000000000004
7947,26.0
7948,52.0
7954,81.0
7955,91.0
7956,91.0
7958,55.0
7965,25.0
7966,29.0
7967,20.0
7971,26.0
7972,19.0
7973,25.0
7974,26.0
7975,20.0
7976,27.0
7977,37.0
7978,16.000000000000004
7980,31.000000000000004
7982,40.0
7983,21.0
7984,28.0
7986,47.0
7987,28.0
7988,54.0
7989,48.0
7990,25.0
7992,21.0
7993,41.0
7994,22.0
7995,32.00000000000001
7996,20.0
8004,22.0
8005,22.0
8014,29.0
8015,29.0
8022,31.000000000000004
8023,19.0
8030,32.00000000000001
8031,17.000000000000004
8033,54.0
8034,23.0
8037,48.0
8038,45.0
8039,80.0
8040,31.000000000000004
8041,25.0
8042,22.0
8043,22.0
8046,22.0
8055,33.00000000000001
8068,32.00000000000001
8069,18.0
8070,17.000000000000004
8072,26.0
8073,42.0
8074,18.0
8082,32.00000000000001
8083,17.000000000000004
8085,34.00000000000001
8087,33.00000000000001
8088,73.0
8089,53.0
8090,24.0
8092,29.0
8096,19.0
8102,18.0
8103,31.000000000000004
8104,73.0
8105,31.000000000000004
8107,26.0
8108,36.0
8109,57.0
8112,49.0
8113,17.000000000000004
8121,20.0
8122,19.0
8124,18.0
8125,25.0
8127,36.0
8128,21.0
8130,31.000000000000004
8131,26.0
8132,20.0
8133,20.0
8134,39.0
8144,20.0
8150,41.0
8151,49.0
8152,36.0
8154,34.00000000000001
8155,16.000000000000004
8157,18.0
8158,43.0
8159,51.0
8160,32.00000000000001
8163,25.0
8164,20.0
8165,21.0
8166,49.0
8169,39.0
8170,25.0
8171,17.000000000000004
8176,30.0
8177,28.0
8178,20.0
8179,30.0
8180,20.0
8181,20.0
8182,17.000000000000004
8183,24.0
8184,16.000000000000004
8187,23.0
8188,21.0
8198,26.0
8199,30.0
8204,31.000000000000004
8205,50.0
8206,17.000000000000004
8207,98.0
8208,27.0
8210,23.0
8211,26.0
8213,27.0
8214,43.0
8216,24.0
8217,18.0
8232,26.0
8233,35.0
8234,31.000000000000004
8235,19.0
8236,27.0
8237,22.0
8238,26.0
8239,56.0
8242,35.0
8243,28.0
8245,57.0
8247,64.00000000000001
8248,27.0
8249,24.0
8250,85.0
8251,27.0
8255,34.00000000000001
8256,17.000000000000004
8264,20.0
8266,38.0
8270,38.0
8278,18.0
8279,27.0
8280,22.0
8283,30.0
8286,17.000000000000004
8287,42.0
8291,39.0
8292,21.0
8295,19.0
8296,30.0
8308,33.00000000000001
8309,27.0
8310,21.0
8311,24.0
8312,20.0
8323,24.0
8324,25.0
8325,26.0
8326,52.0
8328,22.0
8329,21.0
8330,23.0
8332,16.000000000000004
8333,87.0
8335,27.0
8336,26.0
8342,23.0
8343,21.0
8344,41.0
8345,29.0
8346,57.0
8347,54.0
8348,63.00000000000001
8349,62.00000000000001
8352,18.0
8357,41.0
8361,18.0
8364,20.0
8365,30.0
8370,21.0
8374,21.0
8375,25.0
8378,44.0
8384,17.000000000000004
8385,39.0
8387,16.000000000000004
8388,26.0
8394,18.0
8398,29.0
8399,59.0
8400,54.0
8403,24.0
8404,20.0
8410,21.0
8411,30.0
8412,45.0
8414,26.0
8416,32.00000000000001
8417,21.0
8418,42.0
8420,29.0
8421,23.0
8422,103.0
8428,28.0
8429,25.0
8430,44.0
8431,27.0
8432,19.0
8433,23.0
8443,20.0
8444,41.0
8447,36.0
8450,16.000000000000004
8455,61.00000000000001
8457,28.0
8460,62.00000000000001
8463,26.0
8464,17.000000000000004
8468,30.0
8470,17.000000000000004
8472,49.0
8473,22.0
8476,31.000000000000004
8481,24.0
8482,29.0
8483,72.0
8484,38.0
8489,27.0
8491,21.0
8492,22.0
8493,23.0
8497,25.0
8498,40.0
8499,25.0
8500,29.0
8503,27.0
8504,45.0
8507,35.0
8508,31.000000000000004
8509,56.0
8510,19.0
8516,46.0
8518,24.0
8519,53.0
8520,26.0
8521,51.0
8524,17.000000000000004
8525,31.000000000000004
8528,19.0
8533,64.00000000000001
8534,21.0
8535,29.0
8536,50.0
8537,39.0
8545,22.0
8547,30.0
8549,16.000000000000004
8550,25.0
8551,24.0
8552,250.00000000000003
8553,18.0
8554,17.000000000000004
8555,23.0
8556,39.0
8558,23.0
8559,61.00000000000001
8560,68.00000000000001
8561,27.0
8562,43.0
8563,64.00000000000001
8564,55.0
8566,25.0
8567,35.0
8568,48.0
8569,43.0
8570,18.0
8572,21.0
8573,19.0
8578,69.0
8579,16.000000000000004
8580,19.0
8581,17.000000000000004
8582,65.00000000000001
8583,20.0
8585,36.0
8586,17.000000000000004
8587,32.00000000000001
8588,21.0
8589,27.0
8590,23.0
8591,29.0
8593,68.00000000000001
8594,30.0
8595,45.0
8596,28.0
8597,63.00000000000001
8603,27.0
8604,30.0
8605,27.0
8606,29.0
8610,49.0
8611,38.0
8612,42.0
8613,39.0
8614,39.0
8616,51.0
8617,47.0
8618,65.00000000000001
8619,43.0
8620,23.0
8621,18.0
8625,35.0
8626,112.0
8630,42.0
8631,50.0
8634,39.0
8635,20.0
8639,64.00000000000001
8640,32.00000000000001
8642,94.0
8643,92.0
8644,31.000000000000004
8647,43.0
8648,39.0
8649,25.0
8655,39.0
8657,35.0
8658,25.0
8659,25.0
8664,50.0
8665,22.0
8666,18.0
8668,31.000000000000004
8671,45.0
8672,30.0
8673,25.0
8674,28.0
8676,34.00000000000001
8677,24.0
8678,18.0
8680,29.0
8681,52.0
8683,48.0
8684,68.00000000000001
8685,25.0
8686,43.0
8687,57.0
8688,51.0
8689,37.0
8690,34.00000000000001
8691,32.00000000000001
8692,17.000000000000004
8693,29.0
8698,22.0
8702,45.0
8703,29.0
8705,21.0
8706,17.000000000000004
8707,18.0
8708,16.000000000000004
8710,32.00000000000001
8713,19.0
8714,38.0
8716,39.0
8717,21.0
8718,29.0
8722,21.0
8724,21.0
8728,39.0
8729,40.0
8736,22.0
8737,36.0
8738,48.0
8739,58.0
8745,22.0
8748,16.000000000000004
8750,20.0
8752,19.0
8754,80.0
8755,55.0
8756,19.0
8757,18.0
8760,26.0
8761,25.0
8762,27.0
8763,20.0
