device_id,weighted_sum,loyalty
1000,35.48485910415774,casual
1001,76.16773801270615,casual
1002,121.24272737690336,casual
1003,70.1019421612924,casual
1005,28.554112488896525,casual
1007,46.49241253496516,casual
1008,129.5621353814133,casual
1010,66.9966680990927,casual
1011,74.55121920769582,casual
1012,47.543781900938015,casual
1013,2344.5508629471374,loyal
1014,337.24327378152003,casual
1016,822.6672213352288,loyal
1017,546.1557165353518,loyal
1019,8151.854295332065,loyal
1021,115.34311331386343,casual
1022,536.6005340168091,loyal
1023,149.14748988440454,casual
1024,1522.8547805465162,loyal
1025,56.65309234037377,casual
1026,279.1413860557554,casual
1027,48.21506816118258,casual
1028,260.54372798195,casual
1029,84.97154655369597,casual
1030,97.01320702231267,casual
1031,410.9531840573818,loyal
1032,1905.3198531100259,loyal
1033,729.4900485926753,loyal
1034,1030.6659166712475,loyal
1035,48.94244253231124,casual
1036,101.8939503137075,casual
1037,101.89761521278177,casual
1038,127.61258554135512,casual
1039,41.402504513092246,casual
1040,539.2484413299262,loyal
1041,1711.7928011812924,loyal
1042,345.0210847097041,casual
1043,157.53569775665065,casual
1045,125.35780126481393,casual
1047,68.59454634876195,casual
1048,214.57538906247083,casual
1049,302.36244845972743,casual
1050,105.07596387957737,casual
1051,246.2511465728613,casual
1052,55.110021963593816,casual
1053,137.35746927663536,casual
1054,2420.2934777714268,loyal
1055,57.86096217650671,casual
1057,90.2890403162461,casual
1058,55.423145136037554,casual
1059,183.41183656012328,casual
1060,854.6759079997149,loyal
1062,1315.3370863641037,loyal
1063,119.55742096271817,casual
1064,49.428877336721285,casual
1067,222.9831793211984,casual
1068,52.13839696391216,casual
1069,111.79441890762016,casual
1070,270.3859565824613,casual
1071,1535.467630123334,loyal
1072,7792.541842208205,loyal
1073,53.494912299578175,casual
1074,1161.4272118357685,loyal
1075,51.724573442068206,casual
1076,227.96014866652456,casual
1077,2044.9720541005456,loyal
1080,190.33379583332973,casual
1081,250.06230185099668,casual
1083,160.69000691942512,casual
1084,115.81595725775261,casual
1085,33.37249810828836,casual
1086,130.236754380985,casual
1087,507.7146763421542,loyal
1088,377.06025999894985,casual
1089,86.54352581451383,casual
1090,183.02071316149735,casual
1091,822.9551557651882,loyal
1092,166.56766364312426,casual
1093,377.48302114079195,casual
1095,118.51814018153871,casual
1096,48.9212807911478,casual
1097,51.062172859954664,casual
1098,98.68643974444112,casual
1099,554.0945535431879,loyal
1100,1222.5648500109473,loyal
1101,162.16683048613885,casual
1102,596.6178397666173,loyal
1103,256.5364919651694,casual
1104,136.17979006587368,casual
1105,121.83163767795415,casual
1107,32.83432198621579,casual
1108,113.63381829505636,casual
1109,53.458556282244615,casual
1110,42.25686637041711,casual
1111,130.70683639081273,casual
1112,1191.04786995752,loyal
1113,180.08953026009752,casual
1114,41.90191983579408,casual
1115,311.86075740119986,casual
1116,593.4936065442957,loyal
1117,67.54660840805299,casual
1118,856.1356607078792,loyal
1121,146.3964359766838,casual
1122,128.5947237227653,casual
1123,4619.026892108289,loyal
1124,57.96949383261259,casual
1126,56.66245509349648,casual
1127,1347.8411594932254,loyal
1128,143.7627329167047,casual
1129,2323.6944621597904,loyal
1130,229.9072428094676,casual
1131,162.62271568269904,casual
1133,100.98706819155032,casual
1136,47.60447011236443,casual
1137,90.0266339908625,casual
1138,48.363044259890046,casual
1139,214.8310626869374,casual
1140,684.941611295268,loyal
1141,244.59053727878285,casual
1142,178.67144272273387,casual
1144,50.232205231844,casual
1147,459.5728865517374,loyal
1149,103.68294845249015,casual
1150,291.8104098327193,casual
1151,57.8947316876658,casual
1152,59.892316433782675,casual
1153,121.64064824299042,casual
1154,93.72161168954489,casual
1155,119.5446590868987,casual
1156,93.10149746826652,casual
1157,58.774558513933215,casual
1158,100.84856681826845,casual
1159,68.0000153568061,casual
1160,178.09913599853678,casual
1164,244.1279972425466,casual
1165,43.72025040500723,casual
1166,55.815098453890336,casual
1168,349.4443099101592,casual
1169,293.97546962602485,casual
1171,102.45894909272859,casual
1172,93.37513418737308,casual
1173,1176.4360350681393,loyal
1174,91.38511151762464,casual
1176,101.61343806281718,casual
1177,67.5783758000467,casual
1178,67.93956595915424,casual
1179,92.52994997388207,casual
1180,50.001232387733154,casual
1181,300.2300947707958,casual
1182,244.31670707102222,casual
1183,53.52079538784062,casual
1184,676.3055892349328,loyal
1188,152.50386976373426,casual
1189,41.71697445646322,casual
1191,1692.5289000034384,loyal
1192,6836.445821351492,loyal
1193,2576.1195558328977,loyal
1194,2469.0860466717545,loyal
1196,33.59814943629278,casual
1197,151.96133581680314,casual
1198,64.78647320150684,casual
1199,91.90815130332962,casual
1200,4790.925581615864,loyal
1201,170.7735633846459,casual
1202,484.68361145675885,loyal
1203,555.2963329406703,loyal
1204,53.05733949858777,casual
1206,61.068653015766834,casual
1207,42.97450090207675,casual
1208,220.93600676419766,casual
1209,546.3777739749805,loyal
1210,63.6044482895264,casual
1211,2183.465125332459,loyal
1212,137.85593799472008,casual
1213,89.3496169452584,casual
1214,265.6787178537222,casual
1215,599.3648056151642,loyal
1216,26.927688969697776,casual
1218,51.74124919445782,casual
1219,1618.7372409955915,loyal
1220,54.59811388757427,casual
1221,54.0201800001174,casual
1222,554.5995561382312,loyal
1223,80.03147979789486,casual
1225,120.02472819200455,casual
1226,87.63322593708457,casual
1227,51.133284946071,casual
1228,61.64458937046819,casual
1229,106.7669732103131,casual
1230,61.4554778408947,casual
1231,2116.11190630563,loyal
1232,62.19764247167906,casual
1233,66.41229802879965,casual
1234,89.83986398456585,casual
1236,717.9386739222468,loyal
1237,67.65206237511873,casual
1238,1822.6523967104622,loyal
1240,512.8997507155278,loyal
1241,103.71044965109795,casual
1242,94.66734032379176,casual
1243,974.9800682562804,loyal
1244,137.77392082894627,casual
1245,400.91270668938495,loyal
1246,58.951956960698446,casual
1247,139.6750804679961,casual
1248,47.518315733561835,casual
1249,91.14546115786273,casual
1251,53.91435785783548,casual
1252,569.3037958743123,loyal
1253,87.50506461334376,casual
1254,919.6198308526875,loyal
1255,54.59899090212871,casual
1256,1157.171848799875,loyal
1257,97.04064225973345,casual
1258,87.30244089573942,casual
1261,986.67909193803,loyal
1262,51.05370272259557,casual
1263,70.70209974175803,casual
1264,59.768104510008214,casual
1267,57.87018395541762,casual
1268,29.130249420410973,casual
1269,989.5507784189222,loyal
1271,107.50364412270483,casual
1272,105.41618583265875,casual
1273,843.1762310882618,loyal
1274,201.20540004577697,casual
1275,22.46970641002361,casual
1276,81.52733510659296,casual
1277,3864.9022486698477,loyal
1278,822.3633178547498,loyal
1279,184.70279882863008,casual
1280,527.6112338647058,loyal
1282,130.27670678272713,casual
1283,57.73859764316204,casual
1284,282.01987734781824,casual
1286,42.93753389163908,casual
1287,4658.345396831326,loyal
1288,998.9965592862732,loyal
1289,262.4755206348482,casual
1291,63.29647833370994,casual
1292,60.07447359809619,casual
1293,526.6493276988605,loyal
1294,64.41763356045695,casual
1295,91.11802647852035,casual
1296,91.82335556577343,casual
1297,161.92084821885288,casual
1298,55.68494719633055,casual
1299,55.52243274471798,casual
1301,429.031599162262,loyal
1302,53.766606848097176,casual
1303,197.0829205121368,casual
1304,459.9033172650797,loyal
1305,93.90355670934953,casual
1306,66.41175250725875,casual
1308,46.2991180969031,casual
1309,111.60888005594641,casual
1310,81.86014297372462,casual
1311,554.2392506561043,loyal
1313,264.2796962144219,casual
1314,89.87000376531111,casual
1315,41.06244821731369,casual
1316,100.70514824668416,casual
1317,99.48721664871823,casual
1318,91.44295716033376,casual
1319,2480.2976305943853,loyal
1320,53.093573132646405,casual
1322,546.0274672087467,loyal
1323,40.06978278111032,casual
1324,71.48002747413894,casual
1325,163.06002164901486,casual
1326,162.75209332626912,casual
1327,57.620026242394914,casual
1328,91.11015338558589,casual
1330,79.92085478482655,casual
1331,98.44484072247201,casual
1332,1635.3558698188301,loyal
1333,46.02357643702026,casual
1336,886.105967910503,loyal
1337,1582.865930710338,loyal
1339,794.0306101071255,loyal
1340,46.287363207242215,casual
1341,201.85820589282588,casual
1342,62.58549767627315,casual
1343,189.7872158840999,casual
1344,66.80236141909968,casual
1345,2385.1529753135037,loyal
1346,486.45176731891064,loyal
1347,57.345421185832066,casual
1348,94.80422065186013,casual
1349,92.54114231745993,casual
1350,181.7871720971275,casual
1352,106.98395524080387,casual
1353,1293.0153667090672,loyal
1355,114.31047468863352,casual
1356,91.22070682108453,casual
1357,124.5511896243309,casual
1358,167.77450224097356,casual
1359,2734.520432763015,loyal
1360,47.26268677540615,casual
1361,93.37406040398321,casual
1362,121.069631280115,casual
1363,958.4540168206911,loyal
1364,64.03083655773716,casual
1365,93.76932987740689,casual
1366,340.6575214222297,casual
1367,53.481355513524555,casual
1368,450.7672598582325,loyal
1369,99.9323259347228,casual
1370,272.6410141106785,casual
1371,630.6164322071622,loyal
1373,99.5499224682815,casual
1374,391.0906967430695,casual
1375,923.5156508539003,loyal
1376,289.1533921751453,casual
1377,168.79941154652062,casual
1378,114.01457647233912,casual
1379,131.91456221089402,casual
1380,114.01589036650186,casual
1381,126.8452016689173,casual
1382,99.81311551924534,casual
1383,115.80151430166705,casual
1386,356.3504097468019,casual
1387,121.91980731668932,casual
1388,119.94646771758087,casual
1389,196.0629282106775,casual
1390,217.2390699224129,casual
1392,1372.033175344694,loyal
1393,181.77700773004307,casual
1394,230.86455051772938,casual
1396,106.91199651748094,casual
1399,225.1688087805095,casual
1400,122.54125375448558,casual
1401,140.20632813761267,casual
1402,1583.183305813891,loyal
1403,90.77134482220559,casual
1404,191.50557534966617,casual
1405,152.73623058516733,casual
1406,57.61911393733491,casual
1407,60.49318846584087,casual
1408,526.1336002887382,loyal
1410,110.55530864939824,casual
1412,184.7448328187878,casual
1414,490.5333227828048,loyal
1415,94.89578532596074,casual
1416,100.70541203491979,casual
1417,53.952957434953724,casual
1418,285.26769156295995,casual
1419,466.21125915728186,loyal
1420,363.15701006873553,casual
1421,234.11887837160617,casual
1422,41.38652206968767,casual
1423,110.10772444278908,casual
1424,275.60645984942045,casual
1425,125.52477460411285,casual
1427,113.64511938285611,casual
1428,168.85351988089556,casual
1429,255.43635869839358,casual
1431,50.34556090321074,casual
1432,41.387066627021014,casual
1433,767.3263918915345,loyal
1434,1322.2641294268574,loyal
1435,50.60305403921444,casual
1436,89.57196093534725,casual
1437,663.9781967702104,loyal
1438,695.0930188609711,loyal
1439,258.90163119694415,casual
1440,108.64811806304064,casual
1441,61.72577451420271,casual
1442,101.61498133891617,casual
1443,131.66132479292523,casual
1444,85.8273422835253,casual
1445,101.32617978777739,casual
1446,67.80947833342469,casual
1447,1306.8636334163555,loyal
1448,88.12098838833262,casual
1449,56.772609993833036,casual
1450,275.1583353556838,casual
1451,93.80537079606079,casual
1452,84.85459012481685,casual
1453,136.01902453250094,casual
1454,60.52234055279901,casual
1455,121.91932975656201,casual
1456,104.04037659740021,casual
1457,149.3310023399233,casual
1458,83.82025518576918,casual
1459,94.53847027082548,casual
1460,364.896792432197,casual
1461,79.18963095532054,casual
1462,308.43095201856727,casual
1463,74.719749344754,casual
1464,1526.294797432598,loyal
1465,1257.4322173076393,loyal
1466,196.60647088812692,casual
1467,138.55979111521216,casual
1468,85.07671367462125,casual
1469,132.60771453969298,casual
1470,338.8502782583911,casual
1471,43.8448381644534,casual
1473,318.24179939207636,casual
1474,134.17427673920074,casual
1475,38.44828146000298,casual
1476,343.3266463019205,casual
1477,51.76386282396332,casual
1478,48.790108433500215,casual
1479,74.75269900561216,casual
1480,220.3351019501565,casual
1482,493.98328107833083,loyal
1483,60.045000281016975,casual
1484,60.08451302461322,casual
1485,122.97944141652523,casual
1486,77.4061176510795,casual
1487,606.8213669418051,loyal
1488,103.62572022728153,casual
1489,162.5104345216098,casual
1490,74.54909003178238,casual
1491,110.66002385268743,casual
1492,49.08581678916471,casual
1493,5386.013392192445,loyal
1494,289.9574001407928,casual
1496,2804.5842602346,loyal
1497,102.89417788806364,casual
1499,102.13791825208956,casual
1500,477.2284910173325,loyal
1501,907.5688280359493,loyal
1502,54.088702930495565,casual
1503,87.34191522624303,casual
1504,58.132721536486955,casual
1505,20.721104709396624,casual
1506,101.37083711610623,casual
1508,116.2403699539152,casual
1509,54.623590277763526,casual
1510,58.58831154559436,casual
1511,129.73724905684057,casual
1512,379.6817381900359,casual
1513,49.79431633755852,casual
1514,48.90172155692937,casual
1515,56.390170641638434,casual
1516,188.99703299222202,casual
1517,50.32424190158965,casual
1518,694.7946199580894,loyal
1519,45.44378589109382,casual
1520,65.81219180699743,casual
1522,915.5902900450541,loyal
1523,103.74282622756982,casual
1524,1037.742515138627,loyal
1525,61.504469608206485,casual
1526,167.567980239186,casual
1527,299.2117191255881,casual
1528,272.15093609144475,casual
1529,124.8801705159211,casual
1531,127.58293498836893,casual
1532,1205.655470341822,loyal
1533,69.25132252403525,casual
1534,83.57309405582686,casual
1535,170.70677770200876,casual
1536,277.5154640103076,casual
1537,93.88006795389056,casual
1538,205.350405405155,casual
1539,83.1639829127254,casual
1540,1648.2331887070848,loyal
1541,813.900940075684,loyal
1542,230.33271376275513,casual
1543,764.4990812195288,loyal
1544,88.19237772,casual
1545,49.79525725958167,casual
1546,88.190833158359,casual
1547,171.50033008808975,casual
1548,129.4362269358957,casual
1549,2293.0924408780534,loyal
1550,57.14937866983299,casual
1551,52.052699160460065,casual
1552,333.99897459113487,casual
1553,58.734308558887406,casual
1555,744.9147070775165,loyal
1556,84.90289037520371,casual
1557,60.101702576514114,casual
1558,60.09954264091289,casual
1559,265.34353264425954,casual
1560,60.10235855929715,casual
1561,730.8179708639638,loyal
1562,271.8553279618816,casual
1563,1847.8898966617294,loyal
1564,391.3552339382445,casual
1565,83.97678825996523,casual
1566,267.6661084760213,casual
1567,136.75791149686754,casual
1568,270.0929884153629,casual
1570,71.95325703689639,casual
1571,92.16827062454576,casual
1572,71.29279535406069,casual
1573,208.47464496057268,casual
1574,89.92134949892584,casual
1575,57.45816801551236,casual
1576,220.93472033863296,casual
1577,48.91801792610623,casual
1578,138.8321808489426,casual
1580,194.56390488266578,casual
1581,267.62345560738265,casual
1582,83.15176336877484,casual
1583,62.884351599501635,casual
1584,1015.8440997835426,loyal
1585,350.4567500102584,casual
1587,60.45553004064353,casual
1588,201.46804407387816,casual
1589,53.07936720028204,casual
1590,72.9162653549865,casual
1591,52.10807018533007,casual
1592,46.40478326164668,casual
1593,93.52607944640182,casual
1594,64.11883360426704,casual
1595,115.89226404010384,casual
1596,518.6355463955572,loyal
1597,26.592300156567347,casual
1598,176.94252049628926,casual
1599,160.99147737188756,casual
1600,183.50474618762786,casual
1602,121.68001261731075,casual
1603,289.1913249765697,casual
1604,31.265140673964897,casual
1605,94.51435122245,casual
1606,55.5586152556506,casual
1607,48.91696267833716,casual
1608,58.13545137961642,casual
1609,789.4680705799881,loyal
1610,174.45653191813258,casual
1611,825.1708719151584,loyal
1612,61.045240971431504,casual
1613,464.4024309272108,loyal
1614,128.7791601574968,casual
1615,63.022102187073614,casual
1616,57.46143404360228,casual
1618,869.1623291519155,loyal
1619,125.02180624208083,casual
1620,92.15137645322739,casual
1621,54.973192676976915,casual
1622,47.013005494414934,casual
1623,113.84755304321888,casual
1624,70.74934103010196,casual
1625,186.75842313562424,casual
1627,2146.1340818137637,loyal
1628,92.74732629284634,casual
1629,513.3628964088477,loyal
1630,250.10358655058113,casual
1631,635.7021602767087,loyal
1632,64.18623616499443,casual
1633,2279.994772175879,loyal
1634,1035.908735800057,loyal
1635,119.70978415093123,casual
1636,200.0808972567238,casual
1637,49.61909524304016,casual
1638,78.08176750028345,casual
1639,39.26502120960732,casual
1640,767.2989158269838,loyal
1641,54.7707767718544,casual
1642,57.7601504785885,casual
1643,108.89113835223219,casual
1644,115.36726710350621,casual
1646,265.1436063462083,casual
1647,268.95015259977225,casual
1648,631.5489712764439,loyal
1649,78.13765834909111,casual
1650,259.68751724539413,casual
1651,61.27351692559943,casual
1652,210.2322381906818,casual
1653,28.828209066941696,casual
1654,35.929794412426304,casual
1656,38.95319614506669,casual
1657,389.1525022771677,casual
1658,815.4467201346022,loyal
1659,2367.3370058378546,loyal
1660,789.9544813958665,loyal
1662,91.38544884926988,casual
1664,109.74018485333136,casual
1665,616.6567253455394,loyal
1666,91.12841571479497,casual
1667,44.7007058726459,casual
1668,87.16919180700773,casual
1670,1126.3111773052688,loyal
1671,1835.1659124082173,loyal
1672,157.5774380035479,casual
1673,152.6205002565464,casual
1674,114.28342939272588,casual
1675,101.70306746527098,casual
1677,55.10083583117397,casual
1678,53.89863600134463,casual
1679,79.0856104800517,casual
1680,409.1728125103357,loyal
1681,276.51791636144236,casual
1682,350.994830278733,casual
1683,63.296205342530655,casual
1684,84.3583174411784,casual
1685,951.424917409992,loyal
1686,549.3657297375106,loyal
1687,94.41559252723071,casual
1688,30.625809869900497,casual
1689,548.2634436968204,loyal
1690,56.25198633795219,casual
1691,26.163065817569684,casual
1692,169.90625146954855,casual
1693,419.97816873610907,loyal
1694,388.34551085909294,casual
1695,129.45308673471462,casual
1696,112.6432596375161,casual
1697,79.54698568532244,casual
1698,95.7098523587452,casual
1699,192.4471955044338,casual
1701,59.8908724709571,casual
1702,274.2393316558447,casual
1703,65.89788327587301,casual
1704,75.89204581349303,casual
1705,59.84945049918627,casual
1707,461.04340241240857,loyal
1708,72.08788965882935,casual
1709,1204.0308425750009,loyal
1710,452.72753617199385,loyal
1711,343.21853496051295,casual
1712,480.3934803589447,loyal
1713,59.46320024097746,casual
1714,238.3303952494811,casual
1715,100.9598258938392,casual
1716,51.120647830491684,casual
1718,393.8452691695784,casual
1719,379.1538217614734,casual
1720,305.28326568647486,casual
1721,105.18934049761195,casual
1722,49.95197527450805,casual
1723,2328.1096197598904,loyal
1724,60.88515613854984,casual
1725,206.33114004740824,casual
1726,49.019684862072864,casual
1727,46.72966191007682,casual
1728,46.730177469220564,casual
1729,41.2744631793833,casual
1730,824.9864714557475,loyal
1731,55.84945968132208,casual
1732,45.00217385841492,casual
1733,74.14988018912429,casual
1735,89.26376069035084,casual
1736,693.9579313256029,loyal
1737,32.24895975384946,casual
1738,371.2471473680358,casual
1739,81.71415409841124,casual
1740,48.59636258249303,casual
1741,101.44153555101116,casual
1742,393.4944843261885,casual
1743,330.33427455119335,casual
1744,474.627177218569,loyal
1745,112.26238615567027,casual
1746,300.41416116613595,casual
1747,53.56093464590749,casual
1749,81.49526427395396,casual
1750,743.7007579107863,loyal
1751,122.52123696303443,casual
1753,140.64499699785847,casual
1754,53.40241791904483,casual
1756,82.32715189949818,casual
1757,53.99978579235485,casual
1759,127.42882361242475,casual
1761,403.87105420335513,loyal
1762,48.889716142313084,casual
1763,102.40712345255676,casual
1765,103.19732494142153,casual
1766,48.30294846003186,casual
1767,62.518439480659076,casual
1768,41.4768435250911,casual
1769,114.25023754342112,casual
1770,72.42577121267199,casual
1771,179.67611376053875,casual
1772,109.17248938742694,casual
1773,54.66110272256105,casual
1774,59.580831520432874,casual
1775,195.6191284422518,casual
1776,44.05574548217761,casual
1777,65.43054280576266,casual
1778,36.387970330004485,casual
1779,1122.0229587983026,loyal
1780,47.29564941327504,casual
1781,2030.4442725568886,loyal
1782,64.85827587482946,casual
1784,39.26437991205625,casual
1785,105.69323456067056,casual
1786,86.9539518135858,casual
1787,59.61839425750616,casual
1788,86.14229409732502,casual
1789,57.215188547017306,casual
1790,139.05988725091618,casual
1791,1115.733215091902,loyal
1792,653.2995303973789,loyal
1793,152.82929340693101,casual
1794,118.08470643644486,casual
1795,37.776311325818824,casual
1797,1946.0580065320437,loyal
1798,178.6572519007388,casual
1799,1161.6201163131516,loyal
1800,368.67048413765076,casual
1801,262.08745408961136,casual
1802,1349.5351780178148,loyal
1803,838.4120076330612,loyal
1804,203.77853629777738,casual
1806,397.1408238577268,loyal
1807,108.9346031187332,casual
1808,170.5854204091214,casual
1809,291.85394074513874,casual
1810,61.99760716447464,casual
1811,428.12280421029914,loyal
1812,45.45971591833405,casual
1813,81.1851106855169,casual
1814,101.14388515804377,casual
1815,35.46723439634369,casual
1816,288.07519008753974,casual
1817,265.6979483815206,casual
1818,150.66929687294515,casual
1819,56.09064399279873,casual
1820,31.51340399677838,casual
1821,132.1406689349012,casual
1822,1369.7003922925346,loyal
1824,50.39462711836889,casual
1825,45.810106925137745,casual
1826,587.2359993669539,loyal
1827,66.92883426723047,casual
1828,61.84666149561399,casual
1829,65.7207988812665,casual
1830,385.95092487151635,casual
1831,108.52181108007815,casual
1832,70.08616506640467,casual
1833,948.1318147093275,loyal
1834,78.36163877200904,casual
1835,78.08508306600513,casual
1837,370.6723350972213,casual
1839,206.97404675090377,casual
1841,56.18531057114326,casual
1842,337.41176172949713,casual
1843,474.75053052598724,loyal
1844,43.144088777098446,casual
1845,63.29012179490522,casual
1846,63.2963350186574,casual
1848,113.2544505996764,casual
1849,103.62658526540272,casual
1850,214.69029317715066,casual
1851,83.13706352125863,casual
1853,1267.0556859613826,loyal
1854,89.55579996786851,casual
1855,55.287094467232635,casual
1856,84.88717670693326,casual
1858,420.88789308374044,loyal
1860,57.0552680634395,casual
1861,391.28233328674946,casual
1862,213.5560355581029,casual
1863,538.476062281396,loyal
1866,83.04873530943495,casual
1867,824.158193543294,loyal
1868,448.4900502564475,loyal
1869,350.4318493057585,casual
1870,114.2811224783835,casual
1871,59.276836342126046,casual
1872,59.01849194789474,casual
1873,53.98125113801434,casual
1874,273.26305206242694,casual
1875,41.14575572867508,casual
1876,101.3371549069974,casual
1877,139.48417310183714,casual
1878,33.72288566346,casual
1879,90.50412592184817,casual
1880,44.92859839200606,casual
1881,162.70004572796103,casual
1882,166.22624752703067,casual
1883,394.8817394339875,casual
1885,80.87388713519111,casual
1886,129.00274162279072,casual
1887,256.1965393881451,casual
1888,65.96704361421808,casual
1889,42.255178718725276,casual
1890,57.3751532125153,casual
1891,53.441637918228,casual
1892,3608.7270561323635,loyal
1893,100.77387389292863,casual
1894,1024.9861167016065,loyal
1895,135.4971555661531,casual
1896,84.77891546898138,casual
1897,275.95892866904586,casual
1898,253.289069321906,casual
1899,543.7869174134642,loyal
1900,37.48574538220225,casual
1901,98.0456142408255,casual
1902,57.36471147011857,casual
1904,162.57550477537512,casual
1905,1560.4021908496304,loyal
1906,101.38980538563831,casual
1907,154.6226773785596,casual
1908,160.71334453643766,casual
1909,117.54636698923515,casual
1910,42.169768626148375,casual
1911,72.41231937076769,casual
1912,134.03964618471798,casual
1913,25.3976606691616,casual
1914,260.1536148301288,casual
1915,260.36384130185127,casual
1916,56.45950248746152,casual
1918,123.19521657459008,casual
1920,48.58027783232108,casual
1921,120.95051604032265,casual
1922,66.65870503127049,casual
1923,52.148925967707584,casual
1924,47.85539671026682,casual
1925,6991.265138322098,loyal
1926,48.917769677723975,casual
1927,34.03401049872604,casual
1928,59.508079455110376,casual
1929,90.68029509736338,casual
1930,854.8387445198957,loyal
1931,111.51713329807075,casual
1932,56.33301672184789,casual
1934,2301.2524919691573,loyal
1935,1148.392091125842,loyal
1938,171.3947071468496,casual
1940,230.52946893429558,casual
1941,1726.8705344560017,loyal
1942,961.777130644318,loyal
1943,87.90652413543174,casual
1945,272.0902791188149,casual
1946,53.36116410314768,casual
1947,168.1605663331427,casual
1948,4332.1591000662465,loyal
1949,169.60954704912268,casual
1950,2116.1842719571628,loyal
1951,130.72559262158873,casual
1952,70.98946013201524,casual
1953,254.55412127431038,casual
1954,234.90774549103998,casual
1955,167.84625405854365,casual
1956,58.64823918823596,casual
1957,60.04607632875152,casual
1958,67.83235159603272,casual
1959,124.64520195191051,casual
1960,84.82051776474334,casual
1961,75.37668552118441,casual
1962,50.570441279269616,casual
1963,125.27330980379506,casual
1964,92.18273309463082,casual
1965,182.106795648843,casual
1966,249.34165053382685,casual
1967,170.01305098526322,casual
1968,54.61033674505515,casual
1969,115.10086167143898,casual
1971,50.468397593240226,casual
1972,627.1835377067115,loyal
1973,961.3599007966895,loyal
1975,93.00323481453871,casual
1976,81.54231791305295,casual
1977,676.5578368214925,loyal
1978,72.95349141995894,casual
1979,152.04008640001962,casual
1980,49.35865083254348,casual
1981,181.90758400008139,casual
1982,144.82610686065956,casual
1983,337.3859202339806,casual
1984,55.609935199946015,casual
1985,838.7663810274752,loyal
1986,63.60321797176445,casual
1987,693.6308321813793,loyal
1988,121.50806123968928,casual
1989,63.41681769968142,casual
1991,114.60160673237564,casual
1992,744.4855621388937,loyal
1993,1675.8307040696495,loyal
1994,89.61276754365062,casual
1995,527.1198767118315,loyal
1996,289.20940116850323,casual
1997,133.34917645747805,casual
1998,49.062661718301115,casual
1999,150.66344622475913,casual
2001,1620.1542918578248,loyal
2003,1381.2613733031963,loyal
2004,85.66739829731674,casual
2005,56.5866413189368,casual
2006,668.745650029431,loyal
2007,171.74690600256014,casual
2008,2658.881412972206,loyal
2009,89.79521999826024,casual
2011,678.8331835212505,loyal
2012,51.541955900512086,casual
2013,126.81093998777358,casual
2014,43.73616982715856,casual
2015,74.40895714607305,casual
2016,103.54119890663542,casual
2017,59.872981991667814,casual
2018,55.05002771820728,casual
2019,54.62333873812719,casual
2021,408.46448645325853,loyal
2022,34.03252730624821,casual
2023,98.05914192078325,casual
2024,53.343990640518776,casual
2025,46.080287576025945,casual
2026,59.41156932452879,casual
2027,543.3865751137422,loyal
2028,379.5989735364188,casual
2029,93.33558892189839,casual
2030,852.7620804375715,loyal
2031,527.7133749176021,loyal
2032,267.2926404005192,casual
2033,65.1737761582786,casual
2034,125.27110624733318,casual
2035,463.58971065147716,loyal
2036,54.940548839296966,casual
2037,547.282267125329,loyal
2038,57.4068651951857,casual
2039,145.94071352703628,casual
2041,1298.3391983815511,loyal
2042,91.1659027331643,casual
2044,38.79170290752131,casual
2045,697.6604694537128,loyal
2046,113.7823491720162,casual
2047,74.3314660411271,casual
2048,761.9045550374916,loyal
2049,127.0510667649109,casual
2050,107.76613337958594,casual
2051,61.27245953412104,casual
2052,46.40498786739583,casual
2053,61.27672469101015,casual
2054,47.59850740417523,casual
2055,2958.0449867277225,loyal
2056,43.380730632853165,casual
2057,1742.6511866427131,loyal
2058,84.55300823625602,casual
2059,650.6554577901529,loyal
2061,1407.7730442224884,loyal
2062,201.403717891147,casual
2063,92.22567918474034,casual
2065,1192.0488815165515,loyal
2066,70.4253914974233,casual
2067,140.09741828171133,casual
2068,47.50007663053395,casual
2069,59.75382180977596,casual
2070,171.62467000328706,casual
2072,57.82185184297832,casual
2074,344.1962767664693,casual
2075,601.0745060804736,loyal
2076,104.15134457403451,casual
2077,277.1170526885808,casual
2078,521.743097017792,loyal
2079,53.40780069724776,casual
2080,1610.1744191028947,loyal
2081,60.98801737611215,casual
2083,665.4266982902361,loyal
2084,63.09712542987432,casual
2085,258.0637065747321,casual
2087,162.04719149963506,casual
2088,450.85157854798945,loyal
2089,699.6638284954818,loyal
2090,51.27919902351195,casual
2091,133.7527560037389,casual
2092,257.8614591188982,casual
2093,47.04492961766326,casual
2094,45.64427861105341,casual
2095,96.87701121974777,casual
2096,54.278870213742486,casual
2097,93.29183375626786,casual
2098,173.6043243723496,casual
2099,736.8915667110646,loyal
2100,73.83218071179921,casual
2101,681.437900909258,loyal
2102,215.46262898581858,casual
2103,383.8110572197151,casual
2104,141.8874069429858,casual
2105,175.71133302948897,casual
2106,57.34383377927796,casual
2107,50.08294440257299,casual
2108,63.16123327262389,casual
2109,1192.790873549272,loyal
2110,930.5605779763546,loyal
2111,68.4417595389581,casual
2112,103.13566400024845,casual
2113,110.70794908414119,casual
2114,196.46706815229277,casual
2115,63.52834532401708,casual
2116,56.26830368327296,casual
2117,285.5800748556779,casual
2118,83.40776979118554,casual
2119,86.60550836700656,casual
2120,127.68580514092739,casual
2121,266.8707195768066,casual
2122,175.40041306594355,casual
2123,63.72247259531632,casual
2124,263.1770331411501,casual
2125,55.94523588535622,casual
2126,58.589787429222675,casual
2128,66.55862431572686,casual
2129,88.24057586702199,casual
2130,67.96602852494682,casual
2131,49.7216473594891,casual
2132,87.88350966642952,casual
2134,50.68843264610245,casual
2136,95.81223751542998,casual
2137,201.54408231736562,casual
2138,50.90404968665546,casual
2139,127.14686028174536,casual
2141,198.24405495007252,casual
2143,1897.955156403747,loyal
2144,100.39918765119386,casual
2146,57.858222024106645,casual
2147,178.01123067252192,casual
2148,63.53435187371718,casual
2149,84.68087845320657,casual
2150,286.47958756243906,casual
2151,177.3796704023211,casual
2153,372.1349377531843,casual
2154,356.6111990916299,casual
2156,53.82413610919039,casual
2157,152.6384128611212,casual
2158,42.25300638695642,casual
2159,298.92346711758313,casual
2160,62.91412877644508,casual
2161,367.13092082542244,casual
2163,78.5230159082844,casual
2164,875.4245902952053,loyal
2165,64.98082186161704,casual
2166,205.70756475705213,casual
2167,177.3060378527962,casual
2168,97.064062933203,casual
2169,55.156399692900244,casual
2170,171.96413657832122,casual
2171,183.9293330260719,casual
2172,127.2836811560316,casual
2173,89.18704128724389,casual
2174,101.36261676767808,casual
2175,117.50378448449288,casual
2176,217.4724968506568,casual
2177,103.52319227723267,casual
2178,135.74948229529298,casual
2179,250.6280000131428,casual
2180,177.63711259294087,casual
2181,86.65308189099096,casual
2182,1283.1577725937054,loyal
2183,570.2216491778261,loyal
2184,62.80574893855639,casual
2185,44.71334859835044,casual
2186,418.1583836017189,loyal
2187,100.03822887528774,casual
2189,151.97139802300256,casual
2190,2361.6776298978452,loyal
2191,55.69286962441509,casual
2193,90.56534207330785,casual
2195,69.24978551628402,casual
2196,46.96978823702951,casual
2197,31.511160502081786,casual
2198,50.688236131977334,casual
2199,105.696953755475,casual
2200,210.27946730928767,casual
2202,25.396271006869792,casual
2203,945.1138142920635,loyal
2204,184.01610118106382,casual
2205,1339.3675458740588,loyal
2206,1328.0732953897273,loyal
2207,137.30019329766426,casual
2208,61.399990654861746,casual
2209,59.55673789489898,casual
2210,76.74533270976124,casual
2211,178.7714729544134,casual
2212,849.2821726385632,loyal
2213,67.73629140301756,casual
2214,69.86259913852052,casual
2215,2403.8119605072397,loyal
2216,117.15109619070796,casual
2217,54.94718362277007,casual
2218,67.42249160632646,casual
2219,366.31223976950605,casual
2220,548.1477682198157,loyal
2221,49.19105221856743,casual
2222,104.43272082769121,casual
2223,57.825507473038165,casual
2224,48.17685961742498,casual
2225,81.54221200777695,casual
2226,880.6155893681893,loyal
2227,518.8186929498115,loyal
2228,279.75766840615626,casual
2229,549.1747369110121,loyal
2230,39.82496878500942,casual
2231,38.75078136558667,casual
2232,693.7609358637617,loyal
2233,181.14575665699172,casual
2234,55.93857419912065,casual
2235,58.57791659574017,casual
2236,48.062368355503956,casual
2237,1342.8789603097844,loyal
2238,274.90446144061576,casual
2239,263.91422805044806,casual
2240,214.4258219127289,casual
2241,128.20561661661563,casual
2242,1631.9334638485277,loyal
2244,54.90275549887053,casual
2245,34.97519986892008,casual
2246,89.96669207753031,casual
2247,539.1516798799169,loyal
2248,266.8249220550279,casual
2249,302.59754252117835,casual
2250,84.80031166890338,casual
2251,96.76405985300377,casual
2252,99.72619824357432,casual
2253,414.5620070589201,loyal
2255,69.8317958234869,casual
2256,101.83775889683552,casual
2257,281.9997014338874,casual
2258,52.987725785721395,casual
2259,93.48408588806075,casual
2260,84.38125576151383,casual
2262,907.0207820905546,loyal
2263,369.88759100511993,casual
2264,1296.6156350329575,loyal
2267,244.5486044852051,casual
2268,120.43805863827606,casual
2269,1963.0746987280995,loyal
2270,137.67277808532805,casual
2271,109.20307663729399,casual
2272,234.70757760644995,casual
2273,576.7051337724102,loyal
2274,52.25060215688276,casual
2275,154.45363689655375,casual
2276,186.98371654219142,casual
2277,97.95663309017111,casual
2278,141.29229376006748,casual
2279,63.037715922746756,casual
2280,65.8639456832854,casual
2281,470.2891395932107,loyal
2282,3992.9433851122694,loyal
2283,56.03695764066038,casual
2284,3069.101808375899,loyal
2285,103.93234523497478,casual
2286,132.8973874073923,casual
2287,63.91744161574678,casual
2288,90.21843052305698,casual
2289,63.91746168371461,casual
2290,54.706521893870914,casual
2291,54.405066451095045,casual
2293,1216.6564858865668,loyal
2295,286.093464388903,casual
2296,81.3235832550896,casual
2297,411.00367921013594,loyal
2298,268.09582650165476,casual
2299,123.43259103544136,casual
2300,118.98659254124317,casual
2301,60.078010158371505,casual
2302,153.52055783043448,casual
2303,60.78712742528851,casual
2305,257.6340162965627,casual
2306,255.62242554343447,casual
2307,147.05257719196607,casual
2308,279.58609379968436,casual
2309,110.33654990281752,casual
2310,713.5611629747591,loyal
2311,106.56547764874263,casual
2312,857.9539381160245,loyal
2314,56.65016444331296,casual
2315,54.21493350597855,casual
2316,41.20304070832461,casual
2317,122.35854084322654,casual
2318,272.1325097993124,casual
2319,1094.286833812757,loyal
2321,151.30948298997828,casual
2322,138.59914736307002,casual
2323,75.99525033038577,casual
2324,257.34186865471037,casual
2325,51.73802758892434,casual
2326,216.12211779786728,casual
2327,1310.833178047407,loyal
2329,146.03674173755147,casual
2331,124.35106689334353,casual
2332,273.33358802722626,casual
2333,89.57882323487556,casual
2334,55.935786718369016,casual
2335,177.56976130076907,casual
2336,56.84532643883749,casual
2337,372.25870940270215,casual
2338,263.2719305859906,casual
2339,56.524570315165576,casual
2340,59.40781046579541,casual
2341,1469.6829433716841,loyal
2342,1006.5115455755005,loyal
2343,46.048925515024315,casual
2344,50.101571012599564,casual
2345,49.31308596740629,casual
2346,75.67533874705803,casual
2347,92.36985627926404,casual
2348,47.47899716652658,casual
2349,196.72765380470634,casual
2350,113.40772520305462,casual
2352,55.48292781486069,casual
2353,68.32952861433729,casual
2354,137.38908228564634,casual
2355,190.74312440356553,casual
2356,1399.4350981233815,loyal
2357,103.8455734855395,casual
2358,53.56089090884304,casual
2359,244.52272350045797,casual
2360,1110.4882406315674,loyal
2361,126.95787032342943,casual
2362,657.8067966268458,loyal
2364,60.166519218639024,casual
2365,536.1884676993008,loyal
2366,84.8076978770453,casual
2367,137.0086302991816,casual
2368,45.33867764982634,casual
2369,369.55688520074085,casual
2370,75.0234664907917,casual
2371,136.8830665177804,casual
2372,61.331229333470816,casual
2374,131.33093669605924,casual
2375,94.41384667428103,casual
2376,109.50029485965847,casual
2377,60.5512063934819,casual
2378,89.82688052486037,casual
2379,87.4943538486342,casual
2380,371.91331245866405,casual
2381,132.8680529937409,casual
2382,93.31218616805505,casual
2383,132.68892979149675,casual
2384,85.07283125851036,casual
2385,137.48010372807798,casual
2386,183.40727259541256,casual
2387,667.1169800392954,loyal
2389,60.70467939185699,casual
2391,147.65586110316005,casual
2392,106.07389946148004,casual
2393,94.5699529104258,casual
2394,468.69542621293084,loyal
2395,65.18342666908293,casual
2396,59.518270094810944,casual
2397,97.35941752322564,casual
2398,48.500156729464564,casual
2399,125.2082456474726,casual
2400,103.57276300958392,casual
2401,111.7605518515502,casual
2402,273.70254483243235,casual
2403,150.09018427533996,casual
2404,113.61832863645324,casual
2405,374.3438371712921,casual
2406,60.08401247249622,casual
2408,50.875383854320084,casual
2409,50.875628567790244,casual
2410,75.1301930090049,casual
2411,51.22689223298933,casual
2412,51.79454230488989,casual
2413,474.7763487806925,loyal
2414,86.39483831048518,casual
2415,56.02935617387385,casual
2416,99.18204461982745,casual
2417,64.53529779743106,casual
2418,381.8124544126601,casual
2419,42.674281539094224,casual
2420,58.63441931582062,casual
2421,221.02765113961135,casual
2422,55.27310338147679,casual
2423,54.67928137193402,casual
2424,103.68437077607702,casual
2425,172.77023571815246,casual
2426,105.62914024407652,casual
2427,106.52930900672398,casual
2428,57.705153588498455,casual
2429,116.1666719350384,casual
2430,122.70843423429159,casual
2431,1084.354210284323,loyal
2432,207.21962845655122,casual
2433,52.091025975172464,casual
2434,375.57756595863054,casual
2435,1317.3513190898673,loyal
2436,99.5367158734111,casual
2437,83.76054394748445,casual
2438,22.7300562779285,casual
2440,23.845136760798297,casual
2441,276.92741265097766,casual
2442,2532.1352346326394,loyal
2443,102.1347852771422,casual
2444,98.04175405196312,casual
2446,107.43889553748386,casual
2447,363.29891644664116,casual
2448,2087.3229292778465,loyal
2449,58.0397075950357,casual
2450,114.2874027960203,casual
2451,436.6858042609866,loyal
2452,53.13758101135594,casual
2453,56.166032694508274,casual
2454,734.3445235931226,loyal
2455,38.24768873796383,casual
2457,99.14229681427992,casual
2458,59.28038439494537,casual
2459,1058.7921096845662,loyal
2460,34.58288779473847,casual
2461,2135.868500543773,loyal
2462,1155.8932418056313,loyal
2463,318.31247955563987,casual
2464,197.89962132710576,casual
2465,69.66747529343088,casual
2466,275.2562777761119,casual
2467,113.69558292053947,casual
2468,45.55515971144603,casual
2469,32.94530877951878,casual
2470,76.84165365146299,casual
2471,87.14846174537372,casual
2472,1391.6316224411928,loyal
2473,49.65647742891874,casual
2474,49.6706980785212,casual
2475,85.42395026129813,casual
2477,296.99662150060453,casual
2480,80.11947050274918,casual
2481,51.188973088616265,casual
2482,88.47053501158231,casual
2483,93.00418157760308,casual
2484,574.3003153877194,loyal
2485,99.54537913563503,casual
2486,47.98563234138924,casual
2487,1202.3720029223814,loyal
2488,106.6763111862436,casual
2489,696.6343127895343,loyal
2490,400.5179524912034,loyal
2491,111.65579310464119,casual
2492,247.11432002449777,casual
2493,113.51029199325981,casual
2494,60.053874701084304,casual
2495,69.64809451978351,casual
2496,154.26309140521417,casual
2497,334.81902344088394,casual
2498,816.3829887661541,loyal
2499,87.88340317550842,casual
2500,146.27608846401137,casual
2501,260.39770841331085,casual
2502,1142.6286641995007,loyal
2503,170.32547041682676,casual
2505,61.35789030284475,casual
2506,197.20019860440726,casual
2507,72.39059937805048,casual
2508,251.41885025154284,casual
2509,97.54756673457791,casual
2510,94.9134222770332,casual
2511,782.7734152670824,loyal
2512,88.53206292805702,casual
2513,185.4282280125242,casual
2514,70.74844099865058,casual
2515,54.558328707028494,casual
2516,203.27268636848464,casual
2518,595.1145747236151,loyal
2520,129.50292339712414,casual
2522,66.06991851883309,casual
2523,60.03347530298957,casual
2524,111.16128607613808,casual
2525,59.884442411490596,casual
2526,60.72464240133538,casual
2527,156.52704602950783,casual
2528,50.34060959239203,casual
2529,60.12383943043607,casual
2530,274.1631972472387,casual
2532,57.996966939553424,casual
2533,403.2453173370085,loyal
2534,175.03624813232108,casual
2536,48.19382734796541,casual
2537,44.316768473635854,casual
2538,80.11942573369039,casual
2539,131.68406951147475,casual
2540,99.06952777056819,casual
2541,56.58115379745491,casual
2542,559.5872997659579,loyal
2543,954.4670618139832,loyal
2544,181.24640439499314,casual
2546,87.38555598247129,casual
2547,82.41058783391921,casual
2548,178.71733525490103,casual
2549,272.83559922051495,casual
2550,94.9838508504665,casual
2551,48.79105434479324,casual
2552,85.34684091762891,casual
2553,108.07540933043306,casual
2554,70.87316664832187,casual
2555,56.557536466617755,casual
2556,32.093313942050145,casual
2557,22.22897004532342,casual
2558,24.653330096814713,casual
2559,48.206399742718965,casual
2560,47.34693081568007,casual
2561,89.26250613863945,casual
2562,52.16139845846539,casual
2563,102.04462388500775,casual
2564,55.65837811850743,casual
2565,63.453816798413236,casual
2566,54.7593135611405,casual
2567,275.5188390904438,casual
2568,91.28118066008594,casual
2569,87.86407454400167,casual
2570,50.23383176386307,casual
2571,1355.9922943087495,loyal
2572,152.73960313802792,casual
2573,115.93086628706429,casual
2574,454.3361698013175,loyal
2575,59.717851815533194,casual
2576,187.04000838383405,casual
2577,131.26073005872345,casual
2578,104.5799605397557,casual
2579,118.30369616966854,casual
2580,91.89486819478202,casual
2581,1206.0481277200442,loyal
2582,2443.1156885077535,loyal
2583,98.50766753028455,casual
2584,269.73148497766346,casual
2585,120.63149306770951,casual
2587,1246.9906597186364,loyal
2588,1344.6593117790162,loyal
2590,508.2895930230148,loyal
2591,108.22976645441153,casual
2592,139.78220260670858,casual
2593,116.1836164286027,casual
2594,119.73951474694125,casual
2596,864.9800313499454,loyal
2597,98.00269594020219,casual
2599,133.10390701512972,casual
2601,100.87538922739235,casual
2603,94.40528941506295,casual
2605,67.68097367639255,casual
2606,182.9151940014707,casual
2607,2046.5647150805444,loyal
2608,92.29571615312408,casual
2609,380.5005482498557,casual
2610,686.0388827724632,loyal
2611,57.28817260210543,casual
2613,395.60541186777016,loyal
2614,56.59579598047015,casual
2615,1035.9775792080095,loyal
2616,276.66375729505273,casual
2618,248.33398645481225,casual
2619,437.9545692322042,loyal
2621,845.7765796554212,loyal
2622,55.82716289142204,casual
2623,578.1291707062874,loyal
2624,69.3186859567174,casual
2625,744.2641362823883,loyal
2626,120.53342810696833,casual
2627,43.64945724265236,casual
2628,89.56156771081959,casual
2629,372.4606738579116,casual
2630,112.08348623791707,casual
2631,1160.8861739719964,loyal
2632,151.35575134043995,casual
2633,90.01934225823454,casual
2634,107.98930641302023,casual
2635,74.41597907441198,casual
2636,383.12627091823083,casual
2637,107.98887052170011,casual
2638,198.4279795609994,casual
2640,319.1813965451572,casual
2641,183.45135780300444,casual
2642,997.7772310729579,loyal
2643,180.76315171834918,casual
2644,180.7636496453742,casual
2645,64.87135936747131,casual
2647,109.43226638561583,casual
2649,302.4342484978624,casual
2650,83.9724681421742,casual
2651,171.70270179784353,casual
2652,59.25934465513893,casual
2653,42.852348411558374,casual
2654,89.65348851920952,casual
2656,50.96729195515955,casual
2658,1707.946244107809,loyal
2659,805.8684617720054,loyal
2660,948.8751794115556,loyal
2661,160.66645101094306,casual
2662,267.5650586607658,casual
2663,50.08805500453841,casual
2664,98.82454361563724,casual
2665,98.67945335038902,casual
2666,220.51050597110668,casual
2667,484.5464001059328,loyal
2668,1665.8239906723177,loyal
2669,116.38419423031087,casual
2670,69.6075683371067,casual
2671,246.069141309774,casual
2672,55.168633235608446,casual
2673,159.53683969167463,casual
2674,49.10599075023258,casual
2675,72.8406030849428,casual
2676,1033.4305969414163,loyal
2677,617.2363396735961,loyal
2678,99.99312760110962,casual
2679,171.84274553860138,casual
2680,48.585181541041194,casual
2681,353.3515363390839,casual
2682,33.22059070358404,casual
2683,128.15245066435034,casual
2684,136.43162068398982,casual
2685,91.13421609132482,casual
2686,145.41604600043624,casual
2687,76.77920133195089,casual
2688,144.85539956646204,casual
2689,178.1166645534671,casual
2692,80.76000819215648,casual
2693,114.907071357266,casual
2694,176.13458547496384,casual
2695,77.774616277963,casual
2696,1401.1748202012523,loyal
2697,111.51402020834895,casual
2698,373.8871622912902,casual
2699,444.67405144924584,loyal
2700,167.67207623715035,casual
2701,401.6414242565319,loyal
2702,1479.2150296734148,loyal
2703,504.83634548212336,loyal
2704,1394.7327515262348,loyal
2706,118.3259974228503,casual
2707,734.5015281001997,loyal
2708,67.02078715800057,casual
2709,93.12312826343418,casual
2710,127.29350415878022,casual
2712,401.25413028907235,loyal
2713,128.6828337171856,casual
2714,194.68617112090152,casual
2715,166.1623389547662,casual
2716,89.78213825022603,casual
2718,52.2234720734214,casual
2721,716.8376133638334,loyal
2722,245.75871278086618,casual
2723,180.3391542082278,casual
2724,120.39326970176221,casual
2726,215.24769505951906,casual
2727,832.7279772427032,loyal
2729,91.07391547368158,casual
2730,69.04672883466156,casual
2731,53.066426389945356,casual
2732,342.5264594267303,casual
2733,2207.159064336289,loyal
2734,255.84619110649848,casual
2735,61.37832627271863,casual
2736,215.83211246742502,casual
2737,51.58404375746211,casual
2738,67.28747686960507,casual
2739,4172.876748203177,loyal
2740,524.1951376437157,loyal
2742,59.09161874225892,casual
2743,50.8965985116751,casual
2744,423.24002154073355,loyal
2746,100.41984914377153,casual
2747,50.665814829306676,casual
2748,385.1313032357396,casual
2749,138.62691687719393,casual
2750,447.454447448481,loyal
2752,115.64790627362166,casual
2755,196.76070243014803,casual
2756,601.3008074386952,loyal
2757,373.12833342901786,casual
2758,50.086046802672804,casual
2759,344.0157474183404,casual
2760,80.34434007571227,casual
2761,87.95334718885887,casual
2762,260.3633679193465,casual
2763,72.30470768552118,casual
2764,352.91898055440356,casual
2765,102.70608786394854,casual
2766,953.152651203396,loyal
2767,188.25692348475823,casual
2768,273.45738264563045,casual
2770,78.20046436564012,casual
2771,41.716002968283355,casual
2772,103.47164438629368,casual
2773,130.3120642884505,casual
2776,43.96144950480352,casual
2777,570.2052561869253,loyal
2778,220.0740291364212,casual
2779,49.687396376095144,casual
2780,184.17879992116335,casual
2781,71.70285653441489,casual
2782,61.17517110566856,casual
2783,54.5853475294695,casual
2784,63.02791082291699,casual
2785,829.8704225544076,loyal
2787,351.1304002119309,casual
2788,251.43983836556174,casual
2789,91.5181904454885,casual
2790,69.50396810084695,casual
2791,318.04918196685685,casual
2792,60.8565894376904,casual
2793,114.67368058453835,casual
2794,89.64209344851056,casual
2795,111.26317882830418,casual
2796,180.20576244024866,casual
2797,105.42134736790854,casual
2798,160.02765963330526,casual
2799,210.34753467971086,casual
2800,646.6405207615237,loyal
2801,61.64421107106049,casual
2802,48.85264635028858,casual
2803,418.7063778372885,loyal
2804,182.48444287305975,casual
2805,324.0770915294181,casual
2806,98.86740216891991,casual
2807,126.6301977933356,casual
2809,123.65548198105729,casual
2810,90.34231507685647,casual
2811,149.64222403324223,casual
2812,182.77382161890444,casual
2813,49.98229640339701,casual
2814,135.1682270654336,casual
2815,339.1177268806316,casual
2816,430.39800014837436,loyal
2817,168.2897035173262,casual
2818,90.02643847165346,casual
2819,81.10449596167608,casual
2820,457.06365273779625,loyal
2821,55.56672648522517,casual
2822,168.80165091245686,casual
2823,110.70211601771531,casual
2825,57.170619910903184,casual
2826,1047.04914674526,loyal
2827,76.38601286755079,casual
2828,210.65071322503326,casual
2829,103.00176198732913,casual
2831,181.09680652891797,casual
2832,479.16460151018885,loyal
2833,373.92261045112434,casual
2834,79.52570413191043,casual
2835,109.7150931913115,casual
2836,31.374168445694842,casual
2837,1365.6700336367783,loyal
2838,129.5905733665987,casual
2839,83.51734754114511,casual
2840,533.279448085997,loyal
2841,124.33565449740752,casual
2842,66.32960733506391,casual
2843,59.22657049953385,casual
2844,86.64245172232772,casual
2846,112.13348562925745,casual
2847,123.09984507944426,casual
2848,519.514354842849,loyal
2850,332.6597299899492,casual
2851,35.384309008537784,casual
2852,260.85572019989104,casual
2853,566.3837659765305,loyal
2855,279.5705820971737,casual
2856,284.3880369455684,casual
2857,86.95466345543178,casual
2859,130.8041690250324,casual
2860,86.49432867070084,casual
2861,126.73839647783927,casual
2862,130.80225426878502,casual
2863,279.2956323518431,casual
2864,593.3057249741502,loyal
2865,274.31851021486074,casual
2867,88.35933071949871,casual
2868,246.64432220020157,casual
2869,693.3284490409503,loyal
2870,111.72924397054587,casual
2871,420.78950788213433,loyal
2872,110.70053940774724,casual
2873,94.68820479624995,casual
2874,101.08390910145269,casual
2875,175.2973355758132,casual
2876,163.2366935249939,casual
2877,205.7742694477622,casual
2878,64.14753709740754,casual
2879,146.12600410071107,casual
2880,251.96409785638002,casual
2881,81.29868611338124,casual
2882,48.69358052908461,casual
2884,60.52422338738841,casual
2885,272.99270325168425,casual
2887,507.5325045427834,loyal
2888,112.94020131355155,casual
2889,205.1285529729162,casual
2891,47.482711209294585,casual
2892,288.57167954278066,casual
2894,85.34133533464934,casual
2896,502.55739369916546,loyal
2897,52.654095443009886,casual
2898,449.60550296171056,loyal
2899,1000.2038750105894,loyal
2901,105.297971169373,casual
2902,69.32682773639164,casual
2903,282.67810101902603,casual
2904,44.98069719434654,casual
2905,119.7691149600812,casual
2908,101.18515855127481,casual
2909,70.43565052221437,casual
2910,36.32628322429066,casual
2912,355.94146318935486,casual
2915,203.0132382691923,casual
2916,66.4640088588253,casual
2917,90.2253815786826,casual
2918,84.58097377317162,casual
2919,1246.6561372702015,loyal
2920,2898.6542061060227,loyal
2921,61.35496477662134,casual
2924,183.6187190379399,casual
2925,45.646249129909336,casual
2926,525.3526440802872,loyal
2927,100.99498502443876,casual
2929,104.18487814384325,casual
2930,124.8544277830457,casual
2931,70.91778745696303,casual
2932,172.50592475164888,casual
2935,501.8064118652446,loyal
2936,1087.664567960288,loyal
2938,164.14450838690007,casual
2939,50.20393595956665,casual
2940,85.74245128625661,casual
2941,96.40471022553929,casual
2942,728.5184602038497,loyal
2943,100.94511564230149,casual
2946,179.21504575658156,casual
2947,3021.5785880369735,loyal
2948,87.57689621682094,casual
2949,136.73874399349927,casual
2951,505.20507361776856,loyal
2953,63.6526626488539,casual
2954,66.97600573290818,casual
2955,159.50585298998536,casual
2956,122.48143651773113,casual
2957,458.13231931096334,loyal
2958,128.19089418278293,casual
2960,88.37187331882454,casual
2961,104.94629137828306,casual
2962,103.5662685360331,casual
2963,1041.59649375674,loyal
2964,139.95692694391133,casual
2965,48.23971934369342,casual
2966,79.85951366916441,casual
2967,134.7586115749808,casual
2968,355.4561558771286,casual
2970,258.7963343132311,casual
2971,2365.1050202986726,loyal
2972,1197.7320733006845,loyal
2973,139.90795247529786,casual
2974,29.258022415343564,casual
2975,54.31380759814272,casual
2976,1098.7660089062447,loyal
2978,61.99639049463424,casual
2979,50.376614884155245,casual
2980,51.328927589918905,casual
2981,82.39459343477864,casual
2982,51.32818353967841,casual
2983,681.4074561253094,loyal
2984,116.32631495449621,casual
2985,274.6267228327007,casual
2986,106.69873007916384,casual
2987,829.4345846075499,loyal
2988,54.75538966201145,casual
2989,438.13376252542685,loyal
2990,149.1257820711811,casual
2991,237.57680554977276,casual
2992,164.28799068887284,casual
2994,139.28048053552322,casual
2995,57.25020193401392,casual
2996,146.22783001191124,casual
2998,522.2511294193704,loyal
2999,444.9130423203648,loyal
3000,190.68702081919275,casual
3001,103.74370462008216,casual
3002,113.74675467952882,casual
3003,140.93155533918065,casual
3004,72.93846952047662,casual
3005,111.76428299635808,casual
3006,46.3236663702344,casual
3007,174.61882220057427,casual
3008,28.573404651355048,casual
3010,491.9079711556494,loyal
3011,397.46969858727994,loyal
3012,81.42765695919093,casual
3013,90.67804232653195,casual
3014,84.1260998042444,casual
3017,58.69393862281361,casual
3018,3552.7622038327104,loyal
3020,793.9769655486363,loyal
3021,1475.422446084297,loyal
3022,423.26675589181457,loyal
3024,1243.857273329174,loyal
3025,2074.6489356217835,loyal
3027,52.09949534120322,casual
3028,58.723763750070646,casual
3029,1151.454324496564,loyal
3030,145.1613855566364,casual
3031,95.8299541476253,casual
3032,95.94674698038102,casual
3035,365.14705550816177,casual
3036,81.89959813470657,casual
3037,921.1163961300705,loyal
3038,533.9256131520078,loyal
3039,99.61476125745833,casual
3040,69.9124633245595,casual
3043,108.48787619898866,casual
3044,69.91142187174574,casual
3045,80.51321112254142,casual
3046,258.9336064035772,casual
3047,460.0225526129783,loyal
3050,250.72349621118406,casual
3051,102.45374522212701,casual
3052,878.9985921240014,loyal
3053,1096.592884890278,loyal
3054,105.48218391185489,casual
3056,100.588447589199,casual
3057,49.98743928554487,casual
3058,59.49294839202121,casual
3059,88.6706712097048,casual
3061,53.37250697823319,casual
3062,117.34054486760083,casual
3063,106.59106943273909,casual
3064,617.4772698680057,loyal
3065,73.09153187242123,casual
3067,381.63973938075054,casual
3068,200.7096754560971,casual
3071,105.9933956342439,casual
3072,516.9117220969089,loyal
3074,47.1425767840525,casual
3075,91.22680534264066,casual
3076,181.4465303988664,casual
3077,55.08352587313206,casual
3078,51.20828528356742,casual
3079,210.52490666408744,casual
3080,1034.414324064782,loyal
3081,149.93514380672406,casual
3082,251.71751878202707,casual
3083,56.6712528288573,casual
3084,92.74698053308914,casual
3086,73.50045027676023,casual
3087,128.97144396041224,casual
3088,128.22078359397432,casual
3089,94.2906151520624,casual
3091,126.69328571782174,casual
3092,306.3331408976545,casual
3093,127.12092048481118,casual
3094,333.6819455443401,casual
3095,84.35719072942511,casual
3096,259.4955511321432,casual
3097,273.48374031780367,casual
3098,58.63438081178965,casual
3099,82.655361413994,casual
3100,56.86809900624375,casual
3101,60.902075828880704,casual
3103,49.0254579815568,casual
3105,113.73051344158853,casual
3107,368.72038928332626,casual
3108,854.6193495173625,loyal
3109,91.08023822963536,casual
3110,57.17272265574712,casual
3111,211.34189002886674,casual
3114,48.664092939744144,casual
3116,165.7220250235792,casual
3117,759.1805307160732,loyal
3119,50.569139267626184,casual
3120,50.0712899282634,casual
3121,67.25950502525197,casual
3122,137.75934181558443,casual
3123,128.9231836385349,casual
3124,340.62872177878387,casual
3125,76.713039767441,casual
3126,676.6769648699823,loyal
3127,168.74548046923195,casual
3128,344.16899389071887,casual
3130,55.23044954616042,casual
3131,365.00927792821625,casual
3132,2387.54906247486,loyal
3135,54.961363821098715,casual
3138,135.1465114671071,casual
3139,98.28261448939435,casual
3141,47.29956691530487,casual
3142,92.22741191161445,casual
3143,547.141137467945,loyal
3144,64.6704177369427,casual
3145,171.47306053307034,casual
3146,57.52120112591331,casual
3147,49.21199960969914,casual
3149,251.5089257192422,casual
3150,43.4790809616165,casual
3151,48.99395745152593,casual
3152,224.46136921305867,casual
3153,59.273026123335484,casual
3154,183.59345716351618,casual
3155,36.93795368037623,casual
3156,66.64968958272466,casual
3158,24.45275830199075,casual
3159,45.166350305040936,casual
3163,100.0798610613133,casual
3164,466.3078132344008,loyal
3165,105.80136711150921,casual
3166,89.27841707601785,casual
3167,92.388057337935,casual
3168,464.24228756678906,loyal
3169,1094.270067674027,loyal
3170,58.933492206845045,casual
3171,47.50715156461629,casual
3172,67.73099482190598,casual
3173,62.692187077185906,casual
3174,148.9873031574013,casual
3177,276.49392354537133,casual
3180,87.3004249822159,casual
3182,55.64089168693338,casual
3183,126.89473509511868,casual
3184,251.4616775069516,casual
3185,637.5777103361571,loyal
3186,133.4551369646114,casual
3189,46.69975316421007,casual
3190,133.21305820706866,casual
3191,136.3576114093097,casual
3192,146.36204681834295,casual
3193,202.49887353483783,casual
3195,685.8740502748086,loyal
3197,275.1526712781525,casual
3199,47.65029011969917,casual
3200,28.39800363090552,casual
3204,606.0075279056445,loyal
3205,137.81771753744454,casual
3206,252.87145973022433,casual
3207,541.1705635623493,loyal
3208,78.10472622249812,casual
3209,48.34917854843738,casual
3213,83.82232097076832,casual
3214,76.91654353630095,casual
3215,95.87316250124987,casual
3216,865.2437953822514,loyal
3217,300.8088244802151,casual
3218,284.93489122645843,casual
3219,1015.0246185359537,loyal
3220,86.27104743606601,casual
3221,260.70454059652684,casual
3223,81.14991101522192,casual
3226,194.3799304800857,casual
3228,258.74440799694463,casual
3230,55.04895134074763,casual
3231,91.76701435251077,casual
3232,98.66453259681572,casual
3234,146.80647489793188,casual
3236,849.1622399398411,loyal
3237,88.58186184572006,casual
3239,68.61285955125751,casual
3246,68.95252795309202,casual
3313,976.9860860756633,loyal
3316,36.811429624388545,casual
3322,36.74465488503484,casual
3323,34.33847854000631,casual
3332,179.4567575945238,casual
